CREATE TABLE WFCONFIG.CC_CARD_CATEGORY_WISE_CREDIT_LIMITS (
	CCL_ID INTEGER NOT NULL,
	MAIN_CATEGORY VARCHAR(25) NOT NULL,
	SUB_CATEGORY VARCHAR(25) NOT NULL,
	LOWER_LIMIT DECIMAL(25,2) DEFAULT 0.00 NOT NULL,
	UPPER_LIMIT DECIMAL(25,2) DEFAULT 0.00 NOT NULL,
	PRIMARY KEY (CCL_ID)
);
CREATE TABLE WFCONFIG.CC_CARD_CATEGORY_WISE_ELIGIBILITES (
	CCE_ID INTEGER NOT NULL,
	MAIN_CATEGORY VARCHAR(25) NOT NULL,
	SUB_CATEGORY VARCHAR(25) NOT NULL,
	SUB_SELECTION VARCHAR(25) NOT NULL,
	PRIMARY KEY (CCE_ID,MAIN_CATEGORY,SUB_CATEGORY,SUB_SELECTION)
);
CREATE TABLE WFCONFIG.DOCUMENT_TYPE_BASE (
	DID INTEGER NOT NULL,
	DOCUMENT_TYPE VARCHAR(100) NOT NULL,
	PRIMARY KEY (DID)
);
CREATE TABLE WFCONFIG.PRODUCT_BASE (
	PID INTEGER NOT NULL,
	PRODUCT_CODE VARCHAR(5) NOT NULL,
	WF_PRODUCT_CODE VARCHAR(5) NOT NULL,
	PRODUCT_NAME VARCHAR(100) NOT NULL,
	PRODUCT_DESCRIPTION VARCHAR(200),
	PRODUCT_CATEGORY_ID INTEGER,
	PRIMARY KEY (PID)
);
CREATE TABLE WFCONFIG.PRODUCT_CATEGORY_BASE (
	PRODUCT_CATEGORY_ID INTEGER NOT NULL,
	PRODUCT_CATEGORY VARCHAR(25) NOT NULL,
	PRIMARY KEY (PRODUCT_CATEGORY_ID)
);
CREATE TABLE WFCONFIG.PRODUCT_DOCUMENT_CHECKLIST_MAPPING (
	PDCID INTEGER NOT NULL,
	PRODUCT_ID INTEGER NOT NULL,
	DOCUMENT_ID INTEGER NOT NULL,
	SCAN_REQUIRED CHARACTER(1) DEFAULT 'Y' NOT NULL,
	MANDATORY CHARACTER(1) DEFAULT 'Y',
	PRIMARY KEY (PDCID)
);
INSERT INTO WFCONFIG.CC_CARD_CATEGORY_WISE_CREDIT_LIMITS(CCL_ID, MAIN_CATEGORY, SUB_CATEGORY, LOWER_LIMIT, UPPER_LIMIT) VALUES (1, 'VISA', 'CLASSIC', 0.00, 100000.00);
INSERT INTO WFCONFIG.CC_CARD_CATEGORY_WISE_CREDIT_LIMITS(CCL_ID, MAIN_CATEGORY, SUB_CATEGORY, LOWER_LIMIT, UPPER_LIMIT) VALUES (2, 'MASTER', 'TITANIUM', 0.00, 250000.00);
INSERT INTO WFCONFIG.CC_CARD_CATEGORY_WISE_CREDIT_LIMITS(CCL_ID, MAIN_CATEGORY, SUB_CATEGORY, LOWER_LIMIT, UPPER_LIMIT) VALUES (3, 'VISA', 'GOLD', 100000.00, 250000.00);
INSERT INTO WFCONFIG.CC_CARD_CATEGORY_WISE_CREDIT_LIMITS(CCL_ID, MAIN_CATEGORY, SUB_CATEGORY, LOWER_LIMIT, UPPER_LIMIT) VALUES (4, 'VISA', 'PLATINUM', 250000.00, 1000000000000.00);
INSERT INTO WFCONFIG.CC_CARD_CATEGORY_WISE_CREDIT_LIMITS(CCL_ID, MAIN_CATEGORY, SUB_CATEGORY, LOWER_LIMIT, UPPER_LIMIT) VALUES (5, 'MASTER', 'WORLD', 250000.00, 1000000000000.00);
INSERT INTO WFCONFIG.CC_CARD_CATEGORY_WISE_ELIGIBILITES(CCE_ID, MAIN_CATEGORY, SUB_CATEGORY, SUB_SELECTION) VALUES (1, 'VISA', 'CLEAN', 'CLASSIC');
INSERT INTO WFCONFIG.CC_CARD_CATEGORY_WISE_ELIGIBILITES(CCE_ID, MAIN_CATEGORY, SUB_CATEGORY, SUB_SELECTION) VALUES (2, 'VISA', 'CLEAN', 'GOLD');
INSERT INTO WFCONFIG.CC_CARD_CATEGORY_WISE_ELIGIBILITES(CCE_ID, MAIN_CATEGORY, SUB_CATEGORY, SUB_SELECTION) VALUES (3, 'VISA', 'CLEAN', 'PLATINUM');
INSERT INTO WFCONFIG.CC_CARD_CATEGORY_WISE_ELIGIBILITES(CCE_ID, MAIN_CATEGORY, SUB_CATEGORY, SUB_SELECTION) VALUES (4, 'MASTER', 'CLEAN', 'TITANIUM');
INSERT INTO WFCONFIG.CC_CARD_CATEGORY_WISE_ELIGIBILITES(CCE_ID, MAIN_CATEGORY, SUB_CATEGORY, SUB_SELECTION) VALUES (5, 'MASTER', 'CLEAN', 'WORLD');
INSERT INTO WFCONFIG.CC_CARD_CATEGORY_WISE_ELIGIBILITES(CCE_ID, MAIN_CATEGORY, SUB_CATEGORY, SUB_SELECTION) VALUES (6, 'VISA', 'SECURED', 'CLASSIC');
INSERT INTO WFCONFIG.CC_CARD_CATEGORY_WISE_ELIGIBILITES(CCE_ID, MAIN_CATEGORY, SUB_CATEGORY, SUB_SELECTION) VALUES (7, 'VISA', 'SECURED', 'GOLD');
INSERT INTO WFCONFIG.CC_CARD_CATEGORY_WISE_ELIGIBILITES(CCE_ID, MAIN_CATEGORY, SUB_CATEGORY, SUB_SELECTION) VALUES (8, 'VISA', 'SECURED', 'PLATINUM');
INSERT INTO WFCONFIG.CC_CARD_CATEGORY_WISE_ELIGIBILITES(CCE_ID, MAIN_CATEGORY, SUB_CATEGORY, SUB_SELECTION) VALUES (9, 'MASTER', 'SECURED', 'TITANIUM');
INSERT INTO WFCONFIG.CC_CARD_CATEGORY_WISE_ELIGIBILITES(CCE_ID, MAIN_CATEGORY, SUB_CATEGORY, SUB_SELECTION) VALUES (10, 'MASTER', 'SECURED', 'WORLD');
INSERT INTO WFCONFIG.CC_CARD_CATEGORY_WISE_ELIGIBILITES(CCE_ID, MAIN_CATEGORY, SUB_CATEGORY, SUB_SELECTION) VALUES (11, 'VISA', 'STAFF', 'CLASSIC');
INSERT INTO WFCONFIG.CC_CARD_CATEGORY_WISE_ELIGIBILITES(CCE_ID, MAIN_CATEGORY, SUB_CATEGORY, SUB_SELECTION) VALUES (12, 'VISA', 'STAFF', 'GOLD');
INSERT INTO WFCONFIG.CC_CARD_CATEGORY_WISE_ELIGIBILITES(CCE_ID, MAIN_CATEGORY, SUB_CATEGORY, SUB_SELECTION) VALUES (13, 'VISA', 'STAFF', 'PLATINUM');
INSERT INTO WFCONFIG.CC_CARD_CATEGORY_WISE_ELIGIBILITES(CCE_ID, MAIN_CATEGORY, SUB_CATEGORY, SUB_SELECTION) VALUES (14, 'MASTER', 'STAFF', 'TITANIUM');
INSERT INTO WFCONFIG.CC_CARD_CATEGORY_WISE_ELIGIBILITES(CCE_ID, MAIN_CATEGORY, SUB_CATEGORY, SUB_SELECTION) VALUES (15, 'MASTER', 'STAFF', 'WORLD');
INSERT INTO WFCONFIG.DOCUMENT_TYPE_BASE(DID, DOCUMENT_TYPE) VALUES (1, 'LOAN APPLICATION');
INSERT INTO WFCONFIG.DOCUMENT_TYPE_BASE(DID, DOCUMENT_TYPE) VALUES (2, 'EMPLOYER LETTER - SERVICE/POSITION CONFIRMATION');
INSERT INTO WFCONFIG.DOCUMENT_TYPE_BASE(DID, DOCUMENT_TYPE) VALUES (3, 'FORM NO 375');
INSERT INTO WFCONFIG.DOCUMENT_TYPE_BASE(DID, DOCUMENT_TYPE) VALUES (4, 'NIC/PASSPORT');
INSERT INTO WFCONFIG.DOCUMENT_TYPE_BASE(DID, DOCUMENT_TYPE) VALUES (5, 'GUARANTORS NIC');
INSERT INTO WFCONFIG.DOCUMENT_TYPE_BASE(DID, DOCUMENT_TYPE) VALUES (6, 'COPY OF OFFICIAL ID OF APPLICANT & GUARANTOR');
INSERT INTO WFCONFIG.DOCUMENT_TYPE_BASE(DID, DOCUMENT_TYPE) VALUES (7, 'LETTER OF AUTHORITY - TO DEDUCT FROM PENSION');
INSERT INTO WFCONFIG.DOCUMENT_TYPE_BASE(DID, DOCUMENT_TYPE) VALUES (8, 'DTA POLICY');
INSERT INTO WFCONFIG.DOCUMENT_TYPE_BASE(DID, DOCUMENT_TYPE) VALUES (9, 'CERTIFIED PAY SHEETS BY PAYING AUTHORITY');
INSERT INTO WFCONFIG.DOCUMENT_TYPE_BASE(DID, DOCUMENT_TYPE) VALUES (10, 'CERTIFIED  PAY SHEET OF THE GUARANTOR');
INSERT INTO WFCONFIG.DOCUMENT_TYPE_BASE(DID, DOCUMENT_TYPE) VALUES (11, 'GUARANTOR S STATEMENT (FORM NO. 10481)');
INSERT INTO WFCONFIG.DOCUMENT_TYPE_BASE(DID, DOCUMENT_TYPE) VALUES (12, 'AFFIDAVIT');
INSERT INTO WFCONFIG.DOCUMENT_TYPE_BASE(DID, DOCUMENT_TYPE) VALUES (13, 'MONTHLY PENSION RECEIPT');
INSERT INTO WFCONFIG.DOCUMENT_TYPE_BASE(DID, DOCUMENT_TYPE) VALUES (14, 'CERTIFICATE OF REGISTRATION');
INSERT INTO WFCONFIG.DOCUMENT_TYPE_BASE(DID, DOCUMENT_TYPE) VALUES (15, 'DULY COMPLETED MTA 6');
INSERT INTO WFCONFIG.DOCUMENT_TYPE_BASE(DID, DOCUMENT_TYPE) VALUES (16, 'COMPREHENSIVE INSURANCE  POLICY');
INSERT INTO WFCONFIG.DOCUMENT_TYPE_BASE(DID, DOCUMENT_TYPE) VALUES (17, 'INVOICE FROM THE VENDOR');
INSERT INTO WFCONFIG.DOCUMENT_TYPE_BASE(DID, DOCUMENT_TYPE) VALUES (18, 'A VALUATION REPORT FROM A REPUTED FIRM');
INSERT INTO WFCONFIG.DOCUMENT_TYPE_BASE(DID, DOCUMENT_TYPE) VALUES (19, 'ADDITIONAL INCOME DECLARATION FORM');
INSERT INTO WFCONFIG.DOCUMENT_TYPE_BASE(DID, DOCUMENT_TYPE) VALUES (20, 'INSPECTION  REPORT');
INSERT INTO WFCONFIG.DOCUMENT_TYPE_BASE(DID, DOCUMENT_TYPE) VALUES (21, 'RECOMANDATION LETTER TO CERTIFY THE EXPERIENCE ');
INSERT INTO WFCONFIG.DOCUMENT_TYPE_BASE(DID, DOCUMENT_TYPE) VALUES (22, 'COPY OF THE MEBERSHIP CARD OF BORROWER/GUARANTOR');
INSERT INTO WFCONFIG.DOCUMENT_TYPE_BASE(DID, DOCUMENT_TYPE) VALUES (23, 'OFFER LETTER  FROM RELEVENT INSTITUTION');
INSERT INTO WFCONFIG.DOCUMENT_TYPE_BASE(DID, DOCUMENT_TYPE) VALUES (24, 'OTHER DOCUMENTS');
INSERT INTO WFCONFIG.DOCUMENT_TYPE_BASE(DID, DOCUMENT_TYPE) VALUES (25, 'MONTHLY INCOME/ SALARY RECEIPT');
INSERT INTO WFCONFIG.DOCUMENT_TYPE_BASE(DID, DOCUMENT_TYPE) VALUES (26, 'SAVINGS PASSBOOK');
INSERT INTO WFCONFIG.DOCUMENT_TYPE_BASE(DID, DOCUMENT_TYPE) VALUES (27, 'SAVINGS CERTIFICATE');
INSERT INTO WFCONFIG.DOCUMENT_TYPE_BASE(DID, DOCUMENT_TYPE) VALUES (28, 'FD RECIPT');
INSERT INTO WFCONFIG.DOCUMENT_TYPE_BASE(DID, DOCUMENT_TYPE) VALUES (29, 'RELEVENT DEPOSIT INSTRUMENT');
INSERT INTO WFCONFIG.DOCUMENT_TYPE_BASE(DID, DOCUMENT_TYPE) VALUES (30, 'CONFORMATION LETTER FROM TREASURY BILL UNIT-BOC');
INSERT INTO WFCONFIG.DOCUMENT_TYPE_BASE(DID, DOCUMENT_TYPE) VALUES (31, 'TITLE DEED/TITLE CERIFICATE AND EXTRACT OF ENCUMBRANCES');
INSERT INTO WFCONFIG.DOCUMENT_TYPE_BASE(DID, DOCUMENT_TYPE) VALUES (32, 'SURVAY PLAN/CADASTRAL MAP WITHIN 30 YEARS');
INSERT INTO WFCONFIG.DOCUMENT_TYPE_BASE(DID, DOCUMENT_TYPE) VALUES (33, 'LOCAL AUTHORITY DOCUMENTS');
INSERT INTO WFCONFIG.DOCUMENT_TYPE_BASE(DID, DOCUMENT_TYPE) VALUES (34, 'FORM NO 362');
INSERT INTO WFCONFIG.DOCUMENT_TYPE_BASE(DID, DOCUMENT_TYPE) VALUES (35, 'BUILDING PLAN');
INSERT INTO WFCONFIG.DOCUMENT_TYPE_BASE(DID, DOCUMENT_TYPE) VALUES (36, 'CERTIFICATE OF CONFORMITY AFTER COMPLETION');
INSERT INTO WFCONFIG.DOCUMENT_TYPE_BASE(DID, DOCUMENT_TYPE) VALUES (37, 'CONDOMONIUM DEED');
INSERT INTO WFCONFIG.DOCUMENT_TYPE_BASE(DID, DOCUMENT_TYPE) VALUES (38, 'CONDOMONIUM PLAN');
INSERT INTO WFCONFIG.DOCUMENT_TYPE_BASE(DID, DOCUMENT_TYPE) VALUES (39, 'EXTRACT OF ENCUMBRANCES');
INSERT INTO WFCONFIG.DOCUMENT_TYPE_BASE(DID, DOCUMENT_TYPE) VALUES (40, 'VALUATION/ CONDITION REPORT');
INSERT INTO WFCONFIG.DOCUMENT_TYPE_BASE(DID, DOCUMENT_TYPE) VALUES (42, 'GUARANTOR S SALARY SHEETS/ INCOME TAX DETAILS');
INSERT INTO WFCONFIG.DOCUMENT_TYPE_BASE(DID, DOCUMENT_TYPE) VALUES (43, 'ORIGINAL LIFE POLICY');
INSERT INTO WFCONFIG.DOCUMENT_TYPE_BASE(DID, DOCUMENT_TYPE) VALUES (44, 'SURRENDER VALUE CERTIFICATE');
INSERT INTO WFCONFIG.DOCUMENT_TYPE_BASE(DID, DOCUMENT_TYPE) VALUES (45, 'SALES AGREEMENT');
INSERT INTO WFCONFIG.DOCUMENT_TYPE_BASE(DID, DOCUMENT_TYPE) VALUES (46, 'COPY OF POWER OF ATORNY');
INSERT INTO WFCONFIG.DOCUMENT_TYPE_BASE(DID, DOCUMENT_TYPE) VALUES (47, 'BOQ');
INSERT INTO WFCONFIG.DOCUMENT_TYPE_BASE(DID, DOCUMENT_TYPE) VALUES (48, 'INVOICES/ QUATATIONS');
INSERT INTO WFCONFIG.DOCUMENT_TYPE_BASE(DID, DOCUMENT_TYPE) VALUES (49, 'TAX RECIEPT FOR LAST QUARTER');
INSERT INTO WFCONFIG.DOCUMENT_TYPE_BASE(DID, DOCUMENT_TYPE) VALUES (50, 'STREET LINES CERTIFICATE');
INSERT INTO WFCONFIG.DOCUMENT_TYPE_BASE(DID, DOCUMENT_TYPE) VALUES (51, 'OWNERSHIP CERTIFICATE');
INSERT INTO WFCONFIG.DOCUMENT_TYPE_BASE(DID, DOCUMENT_TYPE) VALUES (52, 'NON VESTING CERTIFICATE');
INSERT INTO WFCONFIG.DOCUMENT_TYPE_BASE(DID, DOCUMENT_TYPE) VALUES (53, 'MONTHLY STATEMENTS RECEIVED FROM CDS OR SHARE CERTIFICATES');
INSERT INTO WFCONFIG.DOCUMENT_TYPE_BASE(DID, DOCUMENT_TYPE) VALUES (54, 'VENDOR NIC');
INSERT INTO WFCONFIG.DOCUMENT_TYPE_BASE(DID, DOCUMENT_TYPE) VALUES (55, 'TITLE REPORT');
INSERT INTO WFCONFIG.DOCUMENT_TYPE_BASE(DID, DOCUMENT_TYPE) VALUES (56, 'CUSTOMER CONSENT LETTER FOR HOLDING OF FUNDS');
INSERT INTO WFCONFIG.DOCUMENT_TYPE_BASE(DID, DOCUMENT_TYPE) VALUES (57, 'BANK ACCOUNT/ CREDIT CARD STATEMENTS');
INSERT INTO WFCONFIG.DOCUMENT_TYPE_BASE(DID, DOCUMENT_TYPE) VALUES (58, 'CRIB REPORTS');
INSERT INTO WFCONFIG.DOCUMENT_TYPE_BASE(DID, DOCUMENT_TYPE) VALUES (59, 'MORTGAGE BOND');
INSERT INTO WFCONFIG.DOCUMENT_TYPE_BASE(DID, DOCUMENT_TYPE) VALUES (60, 'TITLE INSURANCE');
INSERT INTO WFCONFIG.DOCUMENT_TYPE_BASE(DID, DOCUMENT_TYPE) VALUES (61, 'SELF DECLARATION/ASSESMENT FORM');
INSERT INTO WFCONFIG.DOCUMENT_TYPE_BASE(DID, DOCUMENT_TYPE) VALUES (62, 'FIRE INSURANCE APPLICATION');
INSERT INTO WFCONFIG.DOCUMENT_TYPE_BASE(DID, DOCUMENT_TYPE) VALUES (63, 'MORTGAGE PROTECTION COVER APPLICATION');
INSERT INTO WFCONFIG.DOCUMENT_TYPE_BASE(DID, DOCUMENT_TYPE) VALUES (64, 'GRAMA SEWAKA CERTIFICATE COUNTERSIGNED BY THE DIVISIONAL SECRETARY');
INSERT INTO WFCONFIG.DOCUMENT_TYPE_BASE(DID, DOCUMENT_TYPE) VALUES (65, 'CERTIFIED COPY OF DEED OF TRANSFER');
INSERT INTO WFCONFIG.DOCUMENT_TYPE_BASE(DID, DOCUMENT_TYPE) VALUES (66, 'MEMBERSHIP / PROFFESSIONAL CERTIFICATES');
INSERT INTO WFCONFIG.DOCUMENT_TYPE_BASE(DID, DOCUMENT_TYPE) VALUES (67, 'LETTER FROM SLBFE RECOMMENDING THE LOAN');
INSERT INTO WFCONFIG.DOCUMENT_TYPE_BASE(DID, DOCUMENT_TYPE) VALUES (68, 'PERIOD OF EMPLOYMENT CONFIRMATION LETTER');
INSERT INTO WFCONFIG.DOCUMENT_TYPE_BASE(DID, DOCUMENT_TYPE) VALUES (69, 'NRFC ACCOUNT STATEMENT');
INSERT INTO WFCONFIG.DOCUMENT_TYPE_BASE(DID, DOCUMENT_TYPE) VALUES (70, 'CERTIFICATE OF INCOME FROM EMPLOYER');
INSERT INTO WFCONFIG.DOCUMENT_TYPE_BASE(DID, DOCUMENT_TYPE) VALUES (71, 'LETTER OF SET-OFF AGAINST THE BALANCE OF NRFC ACCOUNT');
INSERT INTO WFCONFIG.DOCUMENT_TYPE_BASE(DID, DOCUMENT_TYPE) VALUES (72, 'NIC COPIES OF BORROWER');
INSERT INTO WFCONFIG.DOCUMENT_TYPE_BASE(DID, DOCUMENT_TYPE) VALUES (75, 'CREDIT APPRAISAL FORM');
INSERT INTO WFCONFIG.DOCUMENT_TYPE_BASE(DID, DOCUMENT_TYPE) VALUES (95, 'BUSINESS REGISTRATION');
INSERT INTO WFCONFIG.DOCUMENT_TYPE_BASE(DID, DOCUMENT_TYPE) VALUES (96, 'CERTIFIED  COPY OF THE BUSINESS REGISTRATION CERTIFICATE');
INSERT INTO WFCONFIG.DOCUMENT_TYPE_BASE(DID, DOCUMENT_TYPE) VALUES (97, 'AUDITED FINANCIAL STATEMENTS OF THE BUSINESS FOR LAST THREE FINANCIAL YEARS ');
INSERT INTO WFCONFIG.DOCUMENT_TYPE_BASE(DID, DOCUMENT_TYPE) VALUES (98, 'INCOME TAX PARTICULARS /TAX RECEIPTS (TAX SUMMARY FOR LAST 03 YEARS)');
INSERT INTO WFCONFIG.DOCUMENT_TYPE_BASE(DID, DOCUMENT_TYPE) VALUES (99, 'CUSTOMER CONSENT LETTER RELATED TO CHARGES');
INSERT INTO WFCONFIG.DOCUMENT_TYPE_BASE(DID, DOCUMENT_TYPE) VALUES (100, 'DULY FILLED FORM NO. 10413 (362) (ISSUED BY THE BANK) IN DUPLICATE');
INSERT INTO WFCONFIG.DOCUMENT_TYPE_BASE(DID, DOCUMENT_TYPE) VALUES (101, 'INCOME TAX PARTICULARS/TAX RECEIPTS OF THE DIRECTORS (TAX SUMMARY FOR LAST 03 YEARS)');
INSERT INTO WFCONFIG.DOCUMENT_TYPE_BASE(DID, DOCUMENT_TYPE) VALUES (102, 'ARTICLES OF ASSOCIATION');
INSERT INTO WFCONFIG.DOCUMENT_TYPE_BASE(DID, DOCUMENT_TYPE) VALUES (103, 'BOARD RESOLUTION DULY CERTIFIED BY THE COMPANY SECRETARY');
INSERT INTO WFCONFIG.DOCUMENT_TYPE_BASE(DID, DOCUMENT_TYPE) VALUES (104, 'CERTIFICATE SIGNED BY ALL DIRECTORS');
INSERT INTO WFCONFIG.DOCUMENT_TYPE_BASE(DID, DOCUMENT_TYPE) VALUES (105, 'FORM NO. 20 -  DETAILS OF THE DIRECTORS (CERTIFIED BY COMPANY SECRETARY)');
INSERT INTO WFCONFIG.DOCUMENT_TYPE_BASE(DID, DOCUMENT_TYPE) VALUES (106, 'DULY FILLED FORM NO. 751 ISSUED BY THE BANK');
INSERT INTO WFCONFIG.DOCUMENT_TYPE_BASE(DID, DOCUMENT_TYPE) VALUES (107, 'VERIFICATION OF MAJOR TRANSACTION');
INSERT INTO WFCONFIG.DOCUMENT_TYPE_BASE(DID, DOCUMENT_TYPE) VALUES (108, 'FORM NO 15 – (ANNUAL RETURNS CERTIFIED BY COMPANY SECRETARY)');
INSERT INTO WFCONFIG.PRODUCT_BASE(PID, PRODUCT_CODE, WF_PRODUCT_CODE, PRODUCT_NAME, PRODUCT_DESCRIPTION, PRODUCT_CATEGORY_ID) VALUES (8, '85', '8', 'Personallllll LN - BOC Comprehensive Education', 'BOC Comprehensive Educational Loan Scheme', 1);
INSERT INTO WFCONFIG.PRODUCT_BASE(PID, PRODUCT_CODE, WF_PRODUCT_CODE, PRODUCT_NAME, PRODUCT_DESCRIPTION, PRODUCT_CATEGORY_ID) VALUES (9, '85', '9', 'Personal LN - Education for Students of IAASSSS', 'Education Loan Scheme for the Students of International Aviation Academy (IAA)', 1);
INSERT INTO WFCONFIG.PRODUCT_BASE(PID, PRODUCT_CODE, WF_PRODUCT_CODE, PRODUCT_NAME, PRODUCT_DESCRIPTION, PRODUCT_CATEGORY_ID) VALUES (10, '111', '10', 'Personal LN - BOC/GMOA Premier Credit Package', 'BOC /GMOA Premier Credit Package', 1);
INSERT INTO WFCONFIG.PRODUCT_BASE(PID, PRODUCT_CODE, WF_PRODUCT_CODE, PRODUCT_NAME, PRODUCT_DESCRIPTION, PRODUCT_CATEGORY_ID) VALUES (11, '113', '11', 'Personal LN - Members of Armed Forces', 'Special Personal Loan Scheme for the members of the armed forces', 1);
INSERT INTO WFCONFIG.PRODUCT_BASE(PID, PRODUCT_CODE, WF_PRODUCT_CODE, PRODUCT_NAME, PRODUCT_DESCRIPTION, PRODUCT_CATEGORY_ID) VALUES (12, '113', '12', 'Personal LN - Officers of Armed Forces', 'Special Personal Loan Scheme for the members of the armed forces - Officers', 1);
INSERT INTO WFCONFIG.PRODUCT_BASE(PID, PRODUCT_CODE, WF_PRODUCT_CODE, PRODUCT_NAME, PRODUCT_DESCRIPTION, PRODUCT_CATEGORY_ID) VALUES (13, '117', '13', 'Personal LN - Members of Govt Dental Surg: Association', 'Personal Credit package to the Dental Surgeons who are members of the Gvt dental surg: assoc:', 1);
INSERT INTO WFCONFIG.PRODUCT_BASE(PID, PRODUCT_CODE, WF_PRODUCT_CODE, PRODUCT_NAME, PRODUCT_DESCRIPTION, PRODUCT_CATEGORY_ID) VALUES (14, '119', '14', 'Personal LN - Member Medical Officers of SLMC', 'Special personal loan scheme  and credit card facility for the medical officers who are members of sri lanka medical counsil', 1);
INSERT INTO WFCONFIG.PRODUCT_BASE(PID, PRODUCT_CODE, WF_PRODUCT_CODE, PRODUCT_NAME, PRODUCT_DESCRIPTION, PRODUCT_CATEGORY_ID) VALUES (15, '121', '15', 'Personal LN - PSD Personnel', 'Personal Loan Scheme - Presidential Security Division (PSD) Personnel', 1);
INSERT INTO WFCONFIG.PRODUCT_BASE(PID, PRODUCT_CODE, WF_PRODUCT_CODE, PRODUCT_NAME, PRODUCT_DESCRIPTION, PRODUCT_CATEGORY_ID) VALUES (16, '122', '16', 'Personal LN - Members of SLAS Association', 'special personal credit package for the members of the sri lanka administrative service association', 1);
INSERT INTO WFCONFIG.PRODUCT_BASE(PID, PRODUCT_CODE, WF_PRODUCT_CODE, PRODUCT_NAME, PRODUCT_DESCRIPTION, PRODUCT_CATEGORY_ID) VALUES (17, '123', '17', 'Personal LN - Members of State Veterinary Surgeons Association/Council', 'Special Personal credit package for the members of the state veterinary surgeons assoc: and the members of veterinary counsil of sri lanka', 1);
INSERT INTO WFCONFIG.PRODUCT_BASE(PID, PRODUCT_CODE, WF_PRODUCT_CODE, PRODUCT_NAME, PRODUCT_DESCRIPTION, PRODUCT_CATEGORY_ID) VALUES (18, '125', '18', 'Personal LN - Members of Judicial Services Association and HC judges', 'Special credit package to the members of Judicial Service Association of Sri Lanka and High court Judges Association of Sri Lanka', 1);
INSERT INTO WFCONFIG.PRODUCT_BASE(PID, PRODUCT_CODE, WF_PRODUCT_CODE, PRODUCT_NAME, PRODUCT_DESCRIPTION, PRODUCT_CATEGORY_ID) VALUES (19, '126', '19', 'Personal LN - Members of Ceybank Holiday Homes', 'Special Personal Loan Scheme for the Employees of Ceybank Holiday Homes (Pvt) Ltd', 1);
INSERT INTO WFCONFIG.PRODUCT_BASE(PID, PRODUCT_CODE, WF_PRODUCT_CODE, PRODUCT_NAME, PRODUCT_DESCRIPTION, PRODUCT_CATEGORY_ID) VALUES (20, '129', '20', 'Personal LN -  Government Service - Nursing Staff', 'Special personal credit package and credit card facility for the nursing staff who are in the government service', 1);
INSERT INTO WFCONFIG.PRODUCT_BASE(PID, PRODUCT_CODE, WF_PRODUCT_CODE, PRODUCT_NAME, PRODUCT_DESCRIPTION, PRODUCT_CATEGORY_ID) VALUES (21, '130', '21', 'Personal LN - Members of Accountants Service Association', 'Special Personal Credit Package And Credit Card Facility for the members of the Sr Lanka Accountants Service Association', 1);
INSERT INTO WFCONFIG.PRODUCT_BASE(PID, PRODUCT_CODE, WF_PRODUCT_CODE, PRODUCT_NAME, PRODUCT_DESCRIPTION, PRODUCT_CATEGORY_ID) VALUES (22, '139', '22', 'Personal LN -  Government Surveyor s Association-GSA', 'Personal Loan Scheme - Government Surveyors s Association GSA Surveyor', 1);
INSERT INTO WFCONFIG.PRODUCT_BASE(PID, PRODUCT_CODE, WF_PRODUCT_CODE, PRODUCT_NAME, PRODUCT_DESCRIPTION, PRODUCT_CATEGORY_ID) VALUES (23, '147', '23', 'Personal LN - Members of IESL and IIESL', 'Special loan scheme for the members of IESL  and members of IIESL', 1);
INSERT INTO WFCONFIG.PRODUCT_BASE(PID, PRODUCT_CODE, WF_PRODUCT_CODE, PRODUCT_NAME, PRODUCT_DESCRIPTION, PRODUCT_CATEGORY_ID) VALUES (24, '155', '24', 'Personal LN - University Staff Academic Staff', 'Special Personal Loan Scheme for the University Staff  Academic Staff', 1);
INSERT INTO WFCONFIG.PRODUCT_BASE(PID, PRODUCT_CODE, WF_PRODUCT_CODE, PRODUCT_NAME, PRODUCT_DESCRIPTION, PRODUCT_CATEGORY_ID) VALUES (25, '155', '25', 'Personal LN - University Staff Non Academic', 'Special Personal Loan Scheme for the University Staff -   Non- Academic', 1);
INSERT INTO WFCONFIG.PRODUCT_BASE(PID, PRODUCT_CODE, WF_PRODUCT_CODE, PRODUCT_NAME, PRODUCT_DESCRIPTION, PRODUCT_CATEGORY_ID) VALUES (26, '182', '26', 'Personal LN - Regular Cadre - SL Air Force', 'Special persoanl loan scheme for regular cadre of Sri Lanka Air Force', 1);
INSERT INTO WFCONFIG.PRODUCT_BASE(PID, PRODUCT_CODE, WF_PRODUCT_CODE, PRODUCT_NAME, PRODUCT_DESCRIPTION, PRODUCT_CATEGORY_ID) VALUES (27, '186', '27', 'Personal LN - Regular Cadre - SL Navy', 'Special loan scheme for regular cadre of Sri Lanka Navy', 1);
INSERT INTO WFCONFIG.PRODUCT_BASE(PID, PRODUCT_CODE, WF_PRODUCT_CODE, PRODUCT_NAME, PRODUCT_DESCRIPTION, PRODUCT_CATEGORY_ID) VALUES (28, '194', '28', 'Personal LN - Government Pensioners Orphans', 'Loan Scheme for Government Pensioners', 1);
INSERT INTO WFCONFIG.PRODUCT_BASE(PID, PRODUCT_CODE, WF_PRODUCT_CODE, PRODUCT_NAME, PRODUCT_DESCRIPTION, PRODUCT_CATEGORY_ID) VALUES (29, '194', '29', 'Personal LN - Government Pensioners', 'Loan Scheme for orphans (Except dissabled orphans)of the deceased government pensionrs', 1);
INSERT INTO WFCONFIG.PRODUCT_BASE(PID, PRODUCT_CODE, WF_PRODUCT_CODE, PRODUCT_NAME, PRODUCT_DESCRIPTION, PRODUCT_CATEGORY_ID) VALUES (30, '196', '30', 'Personal LN - Distress LN SL Police Personal', 'Special Distress loan scheme for Sri lanka police personal', 1);
INSERT INTO WFCONFIG.PRODUCT_BASE(PID, PRODUCT_CODE, WF_PRODUCT_CODE, PRODUCT_NAME, PRODUCT_DESCRIPTION, PRODUCT_CATEGORY_ID) VALUES (31, '241', '31', 'Personal LN - Attorneys At Law BASL', 'Personal Loan Scheme - Attorneys-at-Law (BASL)', 1);
INSERT INTO WFCONFIG.PRODUCT_BASE(PID, PRODUCT_CODE, WF_PRODUCT_CODE, PRODUCT_NAME, PRODUCT_DESCRIPTION, PRODUCT_CATEGORY_ID) VALUES (32, '5', '32', 'Housing LN - EPF', 'Housing Loan Scheme - Members of the EPF', 2);
INSERT INTO WFCONFIG.PRODUCT_BASE(PID, PRODUCT_CODE, WF_PRODUCT_CODE, PRODUCT_NAME, PRODUCT_DESCRIPTION, PRODUCT_CATEGORY_ID) VALUES (33, '115', '33', 'Housing LN - Govt Employee', 'Housing Loan Scheme - Government Employees', 2);
INSERT INTO WFCONFIG.PRODUCT_BASE(PID, PRODUCT_CODE, WF_PRODUCT_CODE, PRODUCT_NAME, PRODUCT_DESCRIPTION, PRODUCT_CATEGORY_ID) VALUES (34, '79', '34', 'BOC Housing Ln  - General', 'BOC Housing Loan Scheme - General', 2);
INSERT INTO WFCONFIG.PRODUCT_BASE(PID, PRODUCT_CODE, WF_PRODUCT_CODE, PRODUCT_NAME, PRODUCT_DESCRIPTION, PRODUCT_CATEGORY_ID) VALUES (35, '79', '35', 'BOC Housing Ln  - RDA', 'BOC Housing Loan Scheme for Road Development Authority', 2);
INSERT INTO WFCONFIG.PRODUCT_BASE(PID, PRODUCT_CODE, WF_PRODUCT_CODE, PRODUCT_NAME, PRODUCT_DESCRIPTION, PRODUCT_CATEGORY_ID) VALUES (36, '79', '36', 'BOC Housing Ln  - Geo And Mines Bureau', 'BOC Housing Loan Scheme for Geological And Mines Bureau', 2);
INSERT INTO WFCONFIG.PRODUCT_BASE(PID, PRODUCT_CODE, WF_PRODUCT_CODE, PRODUCT_NAME, PRODUCT_DESCRIPTION, PRODUCT_CATEGORY_ID) VALUES (37, '79', '37', 'BOC Housing Ln  - NITF', 'BOC Housing Loan Scheme for National Insurance Trust Fund', 2);
INSERT INTO WFCONFIG.PRODUCT_BASE(PID, PRODUCT_CODE, WF_PRODUCT_CODE, PRODUCT_NAME, PRODUCT_DESCRIPTION, PRODUCT_CATEGORY_ID) VALUES (38, '79', '38', 'BOC Housing Ln  - SLIIT', 'BOC Housing Loan Scheme for Permenant Non Acedemic and Non Executive employees in SLIIT', 2);
INSERT INTO WFCONFIG.PRODUCT_BASE(PID, PRODUCT_CODE, WF_PRODUCT_CODE, PRODUCT_NAME, PRODUCT_DESCRIPTION, PRODUCT_CATEGORY_ID) VALUES (39, '79', '39', 'BOC Housing Ln  - SL Police', 'BOC Housing Loan Scheme for Members of Srilanka Police Service', 2);
INSERT INTO WFCONFIG.PRODUCT_BASE(PID, PRODUCT_CODE, WF_PRODUCT_CODE, PRODUCT_NAME, PRODUCT_DESCRIPTION, PRODUCT_CATEGORY_ID) VALUES (40, '79', '40', 'BOC Housing Ln  - Airport And Aviation', 'BOC Housing Loan Scheme for Airport And Aviation Service of Srilanka', 2);
INSERT INTO WFCONFIG.PRODUCT_BASE(PID, PRODUCT_CODE, WF_PRODUCT_CODE, PRODUCT_NAME, PRODUCT_DESCRIPTION, PRODUCT_CATEGORY_ID) VALUES (41, '79', '41', 'BOC Housing Ln  - GMOA And GDSA', 'BOC Housing Loan Scheme for Members of GMOA And GDSA', 2);
INSERT INTO WFCONFIG.PRODUCT_BASE(PID, PRODUCT_CODE, WF_PRODUCT_CODE, PRODUCT_NAME, PRODUCT_DESCRIPTION, PRODUCT_CATEGORY_ID) VALUES (42, '82', '42', 'BOC Sarani', 'BOC Sarani Housing Loan Scheme', 2);
INSERT INTO WFCONFIG.PRODUCT_BASE(PID, PRODUCT_CODE, WF_PRODUCT_CODE, PRODUCT_NAME, PRODUCT_DESCRIPTION, PRODUCT_CATEGORY_ID) VALUES (43, '125', '43', 'Special Housing LN Judicial Service', 'Special Housing Loan Scheme for Judicial Service And High Court Judges Association of Srilanka', 2);
INSERT INTO WFCONFIG.PRODUCT_BASE(PID, PRODUCT_CODE, WF_PRODUCT_CODE, PRODUCT_NAME, PRODUCT_DESCRIPTION, PRODUCT_CATEGORY_ID) VALUES (44, '79', '44', 'Housing LN - SLIC Employee', 'Housing Loan Scheme for SLIC Employees', 2);
INSERT INTO WFCONFIG.PRODUCT_BASE(PID, PRODUCT_CODE, WF_PRODUCT_CODE, PRODUCT_NAME, PRODUCT_DESCRIPTION, PRODUCT_CATEGORY_ID) VALUES (45, '50', '45', 'Housing Ln  -  University Academic Staff', 'Housing Loan University Academic staff', 2);
INSERT INTO WFCONFIG.PRODUCT_BASE(PID, PRODUCT_CODE, WF_PRODUCT_CODE, PRODUCT_NAME, PRODUCT_DESCRIPTION, PRODUCT_CATEGORY_ID) VALUES (46, '51', '46', 'Housing Ln  -  University Non- Academic Staff', 'Housing Loan University Non-Academic staff', 2);
INSERT INTO WFCONFIG.PRODUCT_BASE(PID, PRODUCT_CODE, WF_PRODUCT_CODE, PRODUCT_NAME, PRODUCT_DESCRIPTION, PRODUCT_CATEGORY_ID) VALUES (52, '250', '47', 'Corporate Loan', 'Corporate Loan', 22);
INSERT INTO WFCONFIG.PRODUCT_BASE(PID, PRODUCT_CODE, WF_PRODUCT_CODE, PRODUCT_NAME, PRODUCT_DESCRIPTION, PRODUCT_CATEGORY_ID) VALUES (53, '251', '48', 'Retail Loan', 'Retail Loan', 3);
INSERT INTO WFCONFIG.PRODUCT_CATEGORY_BASE(PRODUCT_CATEGORY_ID, PRODUCT_CATEGORY) VALUES (1, 'PERSONAL LOAN');
INSERT INTO WFCONFIG.PRODUCT_CATEGORY_BASE(PRODUCT_CATEGORY_ID, PRODUCT_CATEGORY) VALUES (2, 'HOME LOAN');
INSERT INTO WFCONFIG.PRODUCT_CATEGORY_BASE(PRODUCT_CATEGORY_ID, PRODUCT_CATEGORY) VALUES (3, 'RETAIL LOAN');
INSERT INTO WFCONFIG.PRODUCT_CATEGORY_BASE(PRODUCT_CATEGORY_ID, PRODUCT_CATEGORY) VALUES (22, 'CORPORATE LOAN');
INSERT INTO WFCONFIG.PRODUCT_CATEGORY_BASE(PRODUCT_CATEGORY_ID, PRODUCT_CATEGORY) VALUES (42, 'STANDING ORDER');
INSERT INTO WFCONFIG.PRODUCT_CATEGORY_BASE(PRODUCT_CATEGORY_ID, PRODUCT_CATEGORY) VALUES (43, 'Create CIF');
INSERT INTO WFCONFIG.PRODUCT_CATEGORY_BASE(PRODUCT_CATEGORY_ID, PRODUCT_CATEGORY) VALUES (44, 'Open Account');
INSERT INTO WFCONFIG.PRODUCT_CATEGORY_BASE(PRODUCT_CATEGORY_ID, PRODUCT_CATEGORY) VALUES (500, 'New Cat');
INSERT INTO WFCONFIG.PRODUCT_CATEGORY_BASE(PRODUCT_CATEGORY_ID, PRODUCT_CATEGORY) VALUES (800, 'Testtttt');
INSERT INTO WFCONFIG.PRODUCT_DOCUMENT_CHECKLIST_MAPPING(PDCID, PRODUCT_ID, DOCUMENT_ID, SCAN_REQUIRED, MANDATORY) VALUES (65, 8, 1, 'Y', 'Y');
INSERT INTO WFCONFIG.PRODUCT_DOCUMENT_CHECKLIST_MAPPING(PDCID, PRODUCT_ID, DOCUMENT_ID, SCAN_REQUIRED, MANDATORY) VALUES (66, 8, 2, 'Y', 'Y');
INSERT INTO WFCONFIG.PRODUCT_DOCUMENT_CHECKLIST_MAPPING(PDCID, PRODUCT_ID, DOCUMENT_ID, SCAN_REQUIRED, MANDATORY) VALUES (67, 8, 3, 'Y', 'Y');
INSERT INTO WFCONFIG.PRODUCT_DOCUMENT_CHECKLIST_MAPPING(PDCID, PRODUCT_ID, DOCUMENT_ID, SCAN_REQUIRED, MANDATORY) VALUES (68, 8, 4, 'Y', 'Y');
INSERT INTO WFCONFIG.PRODUCT_DOCUMENT_CHECKLIST_MAPPING(PDCID, PRODUCT_ID, DOCUMENT_ID, SCAN_REQUIRED, MANDATORY) VALUES (69, 8, 5, 'Y', 'Y');
INSERT INTO WFCONFIG.PRODUCT_DOCUMENT_CHECKLIST_MAPPING(PDCID, PRODUCT_ID, DOCUMENT_ID, SCAN_REQUIRED, MANDATORY) VALUES (70, 8, 6, 'Y', 'Y');
INSERT INTO WFCONFIG.PRODUCT_DOCUMENT_CHECKLIST_MAPPING(PDCID, PRODUCT_ID, DOCUMENT_ID, SCAN_REQUIRED, MANDATORY) VALUES (71, 8, 9, 'Y', 'Y');
INSERT INTO WFCONFIG.PRODUCT_DOCUMENT_CHECKLIST_MAPPING(PDCID, PRODUCT_ID, DOCUMENT_ID, SCAN_REQUIRED, MANDATORY) VALUES (72, 8, 10, 'Y', 'Y');
INSERT INTO WFCONFIG.PRODUCT_DOCUMENT_CHECKLIST_MAPPING(PDCID, PRODUCT_ID, DOCUMENT_ID, SCAN_REQUIRED, MANDATORY) VALUES (73, 8, 11, 'Y', 'Y');
INSERT INTO WFCONFIG.PRODUCT_DOCUMENT_CHECKLIST_MAPPING(PDCID, PRODUCT_ID, DOCUMENT_ID, SCAN_REQUIRED, MANDATORY) VALUES (74, 8, 23, 'Y', 'Y');
INSERT INTO WFCONFIG.PRODUCT_DOCUMENT_CHECKLIST_MAPPING(PDCID, PRODUCT_ID, DOCUMENT_ID, SCAN_REQUIRED, MANDATORY) VALUES (75, 8, 24, 'N', 'Y');
INSERT INTO WFCONFIG.PRODUCT_DOCUMENT_CHECKLIST_MAPPING(PDCID, PRODUCT_ID, DOCUMENT_ID, SCAN_REQUIRED, MANDATORY) VALUES (76, 9, 1, 'Y', 'Y');
INSERT INTO WFCONFIG.PRODUCT_DOCUMENT_CHECKLIST_MAPPING(PDCID, PRODUCT_ID, DOCUMENT_ID, SCAN_REQUIRED, MANDATORY) VALUES (77, 9, 2, 'Y', 'Y');
INSERT INTO WFCONFIG.PRODUCT_DOCUMENT_CHECKLIST_MAPPING(PDCID, PRODUCT_ID, DOCUMENT_ID, SCAN_REQUIRED, MANDATORY) VALUES (78, 9, 3, 'Y', 'Y');
INSERT INTO WFCONFIG.PRODUCT_DOCUMENT_CHECKLIST_MAPPING(PDCID, PRODUCT_ID, DOCUMENT_ID, SCAN_REQUIRED, MANDATORY) VALUES (79, 9, 4, 'Y', 'Y');
INSERT INTO WFCONFIG.PRODUCT_DOCUMENT_CHECKLIST_MAPPING(PDCID, PRODUCT_ID, DOCUMENT_ID, SCAN_REQUIRED, MANDATORY) VALUES (80, 9, 5, 'Y', 'Y');
INSERT INTO WFCONFIG.PRODUCT_DOCUMENT_CHECKLIST_MAPPING(PDCID, PRODUCT_ID, DOCUMENT_ID, SCAN_REQUIRED, MANDATORY) VALUES (81, 9, 6, 'Y', 'Y');
INSERT INTO WFCONFIG.PRODUCT_DOCUMENT_CHECKLIST_MAPPING(PDCID, PRODUCT_ID, DOCUMENT_ID, SCAN_REQUIRED, MANDATORY) VALUES (82, 9, 9, 'Y', 'Y');
INSERT INTO WFCONFIG.PRODUCT_DOCUMENT_CHECKLIST_MAPPING(PDCID, PRODUCT_ID, DOCUMENT_ID, SCAN_REQUIRED, MANDATORY) VALUES (83, 9, 10, 'Y', 'Y');
INSERT INTO WFCONFIG.PRODUCT_DOCUMENT_CHECKLIST_MAPPING(PDCID, PRODUCT_ID, DOCUMENT_ID, SCAN_REQUIRED, MANDATORY) VALUES (84, 9, 11, 'Y', 'Y');
INSERT INTO WFCONFIG.PRODUCT_DOCUMENT_CHECKLIST_MAPPING(PDCID, PRODUCT_ID, DOCUMENT_ID, SCAN_REQUIRED, MANDATORY) VALUES (85, 9, 23, 'Y', 'Y');
INSERT INTO WFCONFIG.PRODUCT_DOCUMENT_CHECKLIST_MAPPING(PDCID, PRODUCT_ID, DOCUMENT_ID, SCAN_REQUIRED, MANDATORY) VALUES (86, 9, 24, 'N', 'Y');
INSERT INTO WFCONFIG.PRODUCT_DOCUMENT_CHECKLIST_MAPPING(PDCID, PRODUCT_ID, DOCUMENT_ID, SCAN_REQUIRED, MANDATORY) VALUES (87, 10, 1, 'Y', 'Y');
INSERT INTO WFCONFIG.PRODUCT_DOCUMENT_CHECKLIST_MAPPING(PDCID, PRODUCT_ID, DOCUMENT_ID, SCAN_REQUIRED, MANDATORY) VALUES (88, 10, 2, 'Y', 'Y');
INSERT INTO WFCONFIG.PRODUCT_DOCUMENT_CHECKLIST_MAPPING(PDCID, PRODUCT_ID, DOCUMENT_ID, SCAN_REQUIRED, MANDATORY) VALUES (89, 10, 3, 'Y', 'Y');
INSERT INTO WFCONFIG.PRODUCT_DOCUMENT_CHECKLIST_MAPPING(PDCID, PRODUCT_ID, DOCUMENT_ID, SCAN_REQUIRED, MANDATORY) VALUES (90, 10, 4, 'Y', 'Y');
INSERT INTO WFCONFIG.PRODUCT_DOCUMENT_CHECKLIST_MAPPING(PDCID, PRODUCT_ID, DOCUMENT_ID, SCAN_REQUIRED, MANDATORY) VALUES (91, 10, 5, 'Y', 'Y');
INSERT INTO WFCONFIG.PRODUCT_DOCUMENT_CHECKLIST_MAPPING(PDCID, PRODUCT_ID, DOCUMENT_ID, SCAN_REQUIRED, MANDATORY) VALUES (92, 10, 6, 'Y', 'Y');
INSERT INTO WFCONFIG.PRODUCT_DOCUMENT_CHECKLIST_MAPPING(PDCID, PRODUCT_ID, DOCUMENT_ID, SCAN_REQUIRED, MANDATORY) VALUES (93, 10, 9, 'Y', 'Y');
INSERT INTO WFCONFIG.PRODUCT_DOCUMENT_CHECKLIST_MAPPING(PDCID, PRODUCT_ID, DOCUMENT_ID, SCAN_REQUIRED, MANDATORY) VALUES (94, 10, 10, 'Y', 'Y');
INSERT INTO WFCONFIG.PRODUCT_DOCUMENT_CHECKLIST_MAPPING(PDCID, PRODUCT_ID, DOCUMENT_ID, SCAN_REQUIRED, MANDATORY) VALUES (95, 10, 11, 'Y', 'Y');
INSERT INTO WFCONFIG.PRODUCT_DOCUMENT_CHECKLIST_MAPPING(PDCID, PRODUCT_ID, DOCUMENT_ID, SCAN_REQUIRED, MANDATORY) VALUES (96, 10, 19, 'Y', 'Y');
INSERT INTO WFCONFIG.PRODUCT_DOCUMENT_CHECKLIST_MAPPING(PDCID, PRODUCT_ID, DOCUMENT_ID, SCAN_REQUIRED, MANDATORY) VALUES (97, 10, 20, 'Y', 'Y');
INSERT INTO WFCONFIG.PRODUCT_DOCUMENT_CHECKLIST_MAPPING(PDCID, PRODUCT_ID, DOCUMENT_ID, SCAN_REQUIRED, MANDATORY) VALUES (98, 10, 21, 'Y', 'Y');
INSERT INTO WFCONFIG.PRODUCT_DOCUMENT_CHECKLIST_MAPPING(PDCID, PRODUCT_ID, DOCUMENT_ID, SCAN_REQUIRED, MANDATORY) VALUES (99, 10, 22, 'Y', 'Y');
INSERT INTO WFCONFIG.PRODUCT_DOCUMENT_CHECKLIST_MAPPING(PDCID, PRODUCT_ID, DOCUMENT_ID, SCAN_REQUIRED, MANDATORY) VALUES (100, 10, 24, 'N', 'Y');
INSERT INTO WFCONFIG.PRODUCT_DOCUMENT_CHECKLIST_MAPPING(PDCID, PRODUCT_ID, DOCUMENT_ID, SCAN_REQUIRED, MANDATORY) VALUES (101, 11, 1, 'Y', 'Y');
INSERT INTO WFCONFIG.PRODUCT_DOCUMENT_CHECKLIST_MAPPING(PDCID, PRODUCT_ID, DOCUMENT_ID, SCAN_REQUIRED, MANDATORY) VALUES (102, 11, 2, 'Y', 'Y');
INSERT INTO WFCONFIG.PRODUCT_DOCUMENT_CHECKLIST_MAPPING(PDCID, PRODUCT_ID, DOCUMENT_ID, SCAN_REQUIRED, MANDATORY) VALUES (103, 11, 3, 'Y', 'Y');
INSERT INTO WFCONFIG.PRODUCT_DOCUMENT_CHECKLIST_MAPPING(PDCID, PRODUCT_ID, DOCUMENT_ID, SCAN_REQUIRED, MANDATORY) VALUES (104, 11, 4, 'Y', 'Y');
INSERT INTO WFCONFIG.PRODUCT_DOCUMENT_CHECKLIST_MAPPING(PDCID, PRODUCT_ID, DOCUMENT_ID, SCAN_REQUIRED, MANDATORY) VALUES (105, 11, 5, 'Y', 'Y');
INSERT INTO WFCONFIG.PRODUCT_DOCUMENT_CHECKLIST_MAPPING(PDCID, PRODUCT_ID, DOCUMENT_ID, SCAN_REQUIRED, MANDATORY) VALUES (106, 11, 6, 'Y', 'Y');
INSERT INTO WFCONFIG.PRODUCT_DOCUMENT_CHECKLIST_MAPPING(PDCID, PRODUCT_ID, DOCUMENT_ID, SCAN_REQUIRED, MANDATORY) VALUES (107, 11, 9, 'Y', 'Y');
INSERT INTO WFCONFIG.PRODUCT_DOCUMENT_CHECKLIST_MAPPING(PDCID, PRODUCT_ID, DOCUMENT_ID, SCAN_REQUIRED, MANDATORY) VALUES (108, 11, 10, 'Y', 'Y');
INSERT INTO WFCONFIG.PRODUCT_DOCUMENT_CHECKLIST_MAPPING(PDCID, PRODUCT_ID, DOCUMENT_ID, SCAN_REQUIRED, MANDATORY) VALUES (109, 11, 11, 'Y', 'Y');
INSERT INTO WFCONFIG.PRODUCT_DOCUMENT_CHECKLIST_MAPPING(PDCID, PRODUCT_ID, DOCUMENT_ID, SCAN_REQUIRED, MANDATORY) VALUES (110, 11, 24, 'N', 'Y');
INSERT INTO WFCONFIG.PRODUCT_DOCUMENT_CHECKLIST_MAPPING(PDCID, PRODUCT_ID, DOCUMENT_ID, SCAN_REQUIRED, MANDATORY) VALUES (111, 12, 1, 'Y', 'Y');
INSERT INTO WFCONFIG.PRODUCT_DOCUMENT_CHECKLIST_MAPPING(PDCID, PRODUCT_ID, DOCUMENT_ID, SCAN_REQUIRED, MANDATORY) VALUES (112, 12, 2, 'Y', 'Y');
INSERT INTO WFCONFIG.PRODUCT_DOCUMENT_CHECKLIST_MAPPING(PDCID, PRODUCT_ID, DOCUMENT_ID, SCAN_REQUIRED, MANDATORY) VALUES (113, 12, 3, 'Y', 'Y');
INSERT INTO WFCONFIG.PRODUCT_DOCUMENT_CHECKLIST_MAPPING(PDCID, PRODUCT_ID, DOCUMENT_ID, SCAN_REQUIRED, MANDATORY) VALUES (114, 12, 4, 'Y', 'Y');
INSERT INTO WFCONFIG.PRODUCT_DOCUMENT_CHECKLIST_MAPPING(PDCID, PRODUCT_ID, DOCUMENT_ID, SCAN_REQUIRED, MANDATORY) VALUES (115, 12, 5, 'Y', 'Y');
INSERT INTO WFCONFIG.PRODUCT_DOCUMENT_CHECKLIST_MAPPING(PDCID, PRODUCT_ID, DOCUMENT_ID, SCAN_REQUIRED, MANDATORY) VALUES (116, 12, 6, 'Y', 'Y');
INSERT INTO WFCONFIG.PRODUCT_DOCUMENT_CHECKLIST_MAPPING(PDCID, PRODUCT_ID, DOCUMENT_ID, SCAN_REQUIRED, MANDATORY) VALUES (117, 12, 9, 'Y', 'Y');
INSERT INTO WFCONFIG.PRODUCT_DOCUMENT_CHECKLIST_MAPPING(PDCID, PRODUCT_ID, DOCUMENT_ID, SCAN_REQUIRED, MANDATORY) VALUES (118, 12, 10, 'Y', 'Y');
INSERT INTO WFCONFIG.PRODUCT_DOCUMENT_CHECKLIST_MAPPING(PDCID, PRODUCT_ID, DOCUMENT_ID, SCAN_REQUIRED, MANDATORY) VALUES (119, 12, 11, 'Y', 'Y');
INSERT INTO WFCONFIG.PRODUCT_DOCUMENT_CHECKLIST_MAPPING(PDCID, PRODUCT_ID, DOCUMENT_ID, SCAN_REQUIRED, MANDATORY) VALUES (120, 12, 24, 'N', 'Y');
INSERT INTO WFCONFIG.PRODUCT_DOCUMENT_CHECKLIST_MAPPING(PDCID, PRODUCT_ID, DOCUMENT_ID, SCAN_REQUIRED, MANDATORY) VALUES (121, 13, 1, 'Y', 'Y');
INSERT INTO WFCONFIG.PRODUCT_DOCUMENT_CHECKLIST_MAPPING(PDCID, PRODUCT_ID, DOCUMENT_ID, SCAN_REQUIRED, MANDATORY) VALUES (122, 13, 2, 'Y', 'Y');
INSERT INTO WFCONFIG.PRODUCT_DOCUMENT_CHECKLIST_MAPPING(PDCID, PRODUCT_ID, DOCUMENT_ID, SCAN_REQUIRED, MANDATORY) VALUES (123, 13, 3, 'Y', 'Y');
INSERT INTO WFCONFIG.PRODUCT_DOCUMENT_CHECKLIST_MAPPING(PDCID, PRODUCT_ID, DOCUMENT_ID, SCAN_REQUIRED, MANDATORY) VALUES (124, 13, 4, 'Y', 'Y');
INSERT INTO WFCONFIG.PRODUCT_DOCUMENT_CHECKLIST_MAPPING(PDCID, PRODUCT_ID, DOCUMENT_ID, SCAN_REQUIRED, MANDATORY) VALUES (125, 13, 5, 'Y', 'Y');
INSERT INTO WFCONFIG.PRODUCT_DOCUMENT_CHECKLIST_MAPPING(PDCID, PRODUCT_ID, DOCUMENT_ID, SCAN_REQUIRED, MANDATORY) VALUES (126, 13, 6, 'Y', 'Y');
INSERT INTO WFCONFIG.PRODUCT_DOCUMENT_CHECKLIST_MAPPING(PDCID, PRODUCT_ID, DOCUMENT_ID, SCAN_REQUIRED, MANDATORY) VALUES (127, 13, 9, 'Y', 'Y');
INSERT INTO WFCONFIG.PRODUCT_DOCUMENT_CHECKLIST_MAPPING(PDCID, PRODUCT_ID, DOCUMENT_ID, SCAN_REQUIRED, MANDATORY) VALUES (128, 13, 10, 'Y', 'Y');
INSERT INTO WFCONFIG.PRODUCT_DOCUMENT_CHECKLIST_MAPPING(PDCID, PRODUCT_ID, DOCUMENT_ID, SCAN_REQUIRED, MANDATORY) VALUES (129, 13, 11, 'Y', 'Y');
INSERT INTO WFCONFIG.PRODUCT_DOCUMENT_CHECKLIST_MAPPING(PDCID, PRODUCT_ID, DOCUMENT_ID, SCAN_REQUIRED, MANDATORY) VALUES (130, 13, 19, 'Y', 'Y');
INSERT INTO WFCONFIG.PRODUCT_DOCUMENT_CHECKLIST_MAPPING(PDCID, PRODUCT_ID, DOCUMENT_ID, SCAN_REQUIRED, MANDATORY) VALUES (131, 13, 20, 'Y', 'Y');
INSERT INTO WFCONFIG.PRODUCT_DOCUMENT_CHECKLIST_MAPPING(PDCID, PRODUCT_ID, DOCUMENT_ID, SCAN_REQUIRED, MANDATORY) VALUES (132, 13, 21, 'Y', 'Y');
INSERT INTO WFCONFIG.PRODUCT_DOCUMENT_CHECKLIST_MAPPING(PDCID, PRODUCT_ID, DOCUMENT_ID, SCAN_REQUIRED, MANDATORY) VALUES (133, 13, 22, 'Y', 'Y');
INSERT INTO WFCONFIG.PRODUCT_DOCUMENT_CHECKLIST_MAPPING(PDCID, PRODUCT_ID, DOCUMENT_ID, SCAN_REQUIRED, MANDATORY) VALUES (134, 13, 24, 'N', 'Y');
INSERT INTO WFCONFIG.PRODUCT_DOCUMENT_CHECKLIST_MAPPING(PDCID, PRODUCT_ID, DOCUMENT_ID, SCAN_REQUIRED, MANDATORY) VALUES (135, 14, 1, 'Y', 'Y');
INSERT INTO WFCONFIG.PRODUCT_DOCUMENT_CHECKLIST_MAPPING(PDCID, PRODUCT_ID, DOCUMENT_ID, SCAN_REQUIRED, MANDATORY) VALUES (136, 14, 2, 'Y', 'Y');
INSERT INTO WFCONFIG.PRODUCT_DOCUMENT_CHECKLIST_MAPPING(PDCID, PRODUCT_ID, DOCUMENT_ID, SCAN_REQUIRED, MANDATORY) VALUES (137, 14, 3, 'Y', 'Y');
INSERT INTO WFCONFIG.PRODUCT_DOCUMENT_CHECKLIST_MAPPING(PDCID, PRODUCT_ID, DOCUMENT_ID, SCAN_REQUIRED, MANDATORY) VALUES (138, 14, 4, 'Y', 'Y');
INSERT INTO WFCONFIG.PRODUCT_DOCUMENT_CHECKLIST_MAPPING(PDCID, PRODUCT_ID, DOCUMENT_ID, SCAN_REQUIRED, MANDATORY) VALUES (139, 14, 5, 'Y', 'Y');
INSERT INTO WFCONFIG.PRODUCT_DOCUMENT_CHECKLIST_MAPPING(PDCID, PRODUCT_ID, DOCUMENT_ID, SCAN_REQUIRED, MANDATORY) VALUES (140, 14, 6, 'Y', 'Y');
INSERT INTO WFCONFIG.PRODUCT_DOCUMENT_CHECKLIST_MAPPING(PDCID, PRODUCT_ID, DOCUMENT_ID, SCAN_REQUIRED, MANDATORY) VALUES (141, 14, 9, 'Y', 'Y');
INSERT INTO WFCONFIG.PRODUCT_DOCUMENT_CHECKLIST_MAPPING(PDCID, PRODUCT_ID, DOCUMENT_ID, SCAN_REQUIRED, MANDATORY) VALUES (142, 14, 10, 'Y', 'Y');
INSERT INTO WFCONFIG.PRODUCT_DOCUMENT_CHECKLIST_MAPPING(PDCID, PRODUCT_ID, DOCUMENT_ID, SCAN_REQUIRED, MANDATORY) VALUES (143, 14, 11, 'Y', 'Y');
INSERT INTO WFCONFIG.PRODUCT_DOCUMENT_CHECKLIST_MAPPING(PDCID, PRODUCT_ID, DOCUMENT_ID, SCAN_REQUIRED, MANDATORY) VALUES (144, 14, 19, 'Y', 'Y');
INSERT INTO WFCONFIG.PRODUCT_DOCUMENT_CHECKLIST_MAPPING(PDCID, PRODUCT_ID, DOCUMENT_ID, SCAN_REQUIRED, MANDATORY) VALUES (145, 14, 20, 'Y', 'Y');
INSERT INTO WFCONFIG.PRODUCT_DOCUMENT_CHECKLIST_MAPPING(PDCID, PRODUCT_ID, DOCUMENT_ID, SCAN_REQUIRED, MANDATORY) VALUES (146, 14, 21, 'Y', 'Y');
INSERT INTO WFCONFIG.PRODUCT_DOCUMENT_CHECKLIST_MAPPING(PDCID, PRODUCT_ID, DOCUMENT_ID, SCAN_REQUIRED, MANDATORY) VALUES (147, 14, 22, 'Y', 'Y');
INSERT INTO WFCONFIG.PRODUCT_DOCUMENT_CHECKLIST_MAPPING(PDCID, PRODUCT_ID, DOCUMENT_ID, SCAN_REQUIRED, MANDATORY) VALUES (148, 14, 24, 'N', 'Y');
INSERT INTO WFCONFIG.PRODUCT_DOCUMENT_CHECKLIST_MAPPING(PDCID, PRODUCT_ID, DOCUMENT_ID, SCAN_REQUIRED, MANDATORY) VALUES (149, 17, 1, 'Y', 'Y');
INSERT INTO WFCONFIG.PRODUCT_DOCUMENT_CHECKLIST_MAPPING(PDCID, PRODUCT_ID, DOCUMENT_ID, SCAN_REQUIRED, MANDATORY) VALUES (150, 17, 2, 'Y', 'Y');
INSERT INTO WFCONFIG.PRODUCT_DOCUMENT_CHECKLIST_MAPPING(PDCID, PRODUCT_ID, DOCUMENT_ID, SCAN_REQUIRED, MANDATORY) VALUES (151, 17, 3, 'Y', 'Y');
INSERT INTO WFCONFIG.PRODUCT_DOCUMENT_CHECKLIST_MAPPING(PDCID, PRODUCT_ID, DOCUMENT_ID, SCAN_REQUIRED, MANDATORY) VALUES (152, 17, 4, 'Y', 'Y');
INSERT INTO WFCONFIG.PRODUCT_DOCUMENT_CHECKLIST_MAPPING(PDCID, PRODUCT_ID, DOCUMENT_ID, SCAN_REQUIRED, MANDATORY) VALUES (153, 17, 5, 'Y', 'Y');
INSERT INTO WFCONFIG.PRODUCT_DOCUMENT_CHECKLIST_MAPPING(PDCID, PRODUCT_ID, DOCUMENT_ID, SCAN_REQUIRED, MANDATORY) VALUES (154, 17, 6, 'Y', 'Y');
INSERT INTO WFCONFIG.PRODUCT_DOCUMENT_CHECKLIST_MAPPING(PDCID, PRODUCT_ID, DOCUMENT_ID, SCAN_REQUIRED, MANDATORY) VALUES (155, 17, 9, 'Y', 'Y');
INSERT INTO WFCONFIG.PRODUCT_DOCUMENT_CHECKLIST_MAPPING(PDCID, PRODUCT_ID, DOCUMENT_ID, SCAN_REQUIRED, MANDATORY) VALUES (156, 17, 10, 'Y', 'Y');
INSERT INTO WFCONFIG.PRODUCT_DOCUMENT_CHECKLIST_MAPPING(PDCID, PRODUCT_ID, DOCUMENT_ID, SCAN_REQUIRED, MANDATORY) VALUES (157, 17, 11, 'Y', 'Y');
INSERT INTO WFCONFIG.PRODUCT_DOCUMENT_CHECKLIST_MAPPING(PDCID, PRODUCT_ID, DOCUMENT_ID, SCAN_REQUIRED, MANDATORY) VALUES (158, 17, 19, 'Y', 'Y');
INSERT INTO WFCONFIG.PRODUCT_DOCUMENT_CHECKLIST_MAPPING(PDCID, PRODUCT_ID, DOCUMENT_ID, SCAN_REQUIRED, MANDATORY) VALUES (159, 17, 20, 'Y', 'Y');
INSERT INTO WFCONFIG.PRODUCT_DOCUMENT_CHECKLIST_MAPPING(PDCID, PRODUCT_ID, DOCUMENT_ID, SCAN_REQUIRED, MANDATORY) VALUES (160, 17, 21, 'Y', 'Y');
INSERT INTO WFCONFIG.PRODUCT_DOCUMENT_CHECKLIST_MAPPING(PDCID, PRODUCT_ID, DOCUMENT_ID, SCAN_REQUIRED, MANDATORY) VALUES (161, 17, 22, 'Y', 'Y');
INSERT INTO WFCONFIG.PRODUCT_DOCUMENT_CHECKLIST_MAPPING(PDCID, PRODUCT_ID, DOCUMENT_ID, SCAN_REQUIRED, MANDATORY) VALUES (162, 17, 24, 'N', 'Y');
INSERT INTO WFCONFIG.PRODUCT_DOCUMENT_CHECKLIST_MAPPING(PDCID, PRODUCT_ID, DOCUMENT_ID, SCAN_REQUIRED, MANDATORY) VALUES (167, 16, 1, 'Y', 'Y');
INSERT INTO WFCONFIG.PRODUCT_DOCUMENT_CHECKLIST_MAPPING(PDCID, PRODUCT_ID, DOCUMENT_ID, SCAN_REQUIRED, MANDATORY) VALUES (168, 16, 2, 'Y', 'Y');
INSERT INTO WFCONFIG.PRODUCT_DOCUMENT_CHECKLIST_MAPPING(PDCID, PRODUCT_ID, DOCUMENT_ID, SCAN_REQUIRED, MANDATORY) VALUES (169, 16, 3, 'Y', 'Y');
INSERT INTO WFCONFIG.PRODUCT_DOCUMENT_CHECKLIST_MAPPING(PDCID, PRODUCT_ID, DOCUMENT_ID, SCAN_REQUIRED, MANDATORY) VALUES (170, 16, 4, 'Y', 'Y');
INSERT INTO WFCONFIG.PRODUCT_DOCUMENT_CHECKLIST_MAPPING(PDCID, PRODUCT_ID, DOCUMENT_ID, SCAN_REQUIRED, MANDATORY) VALUES (171, 16, 5, 'Y', 'Y');
INSERT INTO WFCONFIG.PRODUCT_DOCUMENT_CHECKLIST_MAPPING(PDCID, PRODUCT_ID, DOCUMENT_ID, SCAN_REQUIRED, MANDATORY) VALUES (172, 16, 6, 'Y', 'Y');
INSERT INTO WFCONFIG.PRODUCT_DOCUMENT_CHECKLIST_MAPPING(PDCID, PRODUCT_ID, DOCUMENT_ID, SCAN_REQUIRED, MANDATORY) VALUES (173, 16, 9, 'Y', 'Y');
INSERT INTO WFCONFIG.PRODUCT_DOCUMENT_CHECKLIST_MAPPING(PDCID, PRODUCT_ID, DOCUMENT_ID, SCAN_REQUIRED, MANDATORY) VALUES (174, 16, 10, 'Y', 'Y');
INSERT INTO WFCONFIG.PRODUCT_DOCUMENT_CHECKLIST_MAPPING(PDCID, PRODUCT_ID, DOCUMENT_ID, SCAN_REQUIRED, MANDATORY) VALUES (175, 16, 11, 'Y', 'Y');
INSERT INTO WFCONFIG.PRODUCT_DOCUMENT_CHECKLIST_MAPPING(PDCID, PRODUCT_ID, DOCUMENT_ID, SCAN_REQUIRED, MANDATORY) VALUES (176, 16, 21, 'Y', 'Y');
INSERT INTO WFCONFIG.PRODUCT_DOCUMENT_CHECKLIST_MAPPING(PDCID, PRODUCT_ID, DOCUMENT_ID, SCAN_REQUIRED, MANDATORY) VALUES (177, 16, 24, 'N', 'Y');
INSERT INTO WFCONFIG.PRODUCT_DOCUMENT_CHECKLIST_MAPPING(PDCID, PRODUCT_ID, DOCUMENT_ID, SCAN_REQUIRED, MANDATORY) VALUES (178, 18, 1, 'Y', 'Y');
INSERT INTO WFCONFIG.PRODUCT_DOCUMENT_CHECKLIST_MAPPING(PDCID, PRODUCT_ID, DOCUMENT_ID, SCAN_REQUIRED, MANDATORY) VALUES (179, 18, 2, 'Y', 'Y');
INSERT INTO WFCONFIG.PRODUCT_DOCUMENT_CHECKLIST_MAPPING(PDCID, PRODUCT_ID, DOCUMENT_ID, SCAN_REQUIRED, MANDATORY) VALUES (180, 18, 3, 'Y', 'Y');
INSERT INTO WFCONFIG.PRODUCT_DOCUMENT_CHECKLIST_MAPPING(PDCID, PRODUCT_ID, DOCUMENT_ID, SCAN_REQUIRED, MANDATORY) VALUES (181, 18, 4, 'Y', 'Y');
INSERT INTO WFCONFIG.PRODUCT_DOCUMENT_CHECKLIST_MAPPING(PDCID, PRODUCT_ID, DOCUMENT_ID, SCAN_REQUIRED, MANDATORY) VALUES (182, 18, 5, 'Y', 'Y');
INSERT INTO WFCONFIG.PRODUCT_DOCUMENT_CHECKLIST_MAPPING(PDCID, PRODUCT_ID, DOCUMENT_ID, SCAN_REQUIRED, MANDATORY) VALUES (183, 18, 6, 'Y', 'Y');
INSERT INTO WFCONFIG.PRODUCT_DOCUMENT_CHECKLIST_MAPPING(PDCID, PRODUCT_ID, DOCUMENT_ID, SCAN_REQUIRED, MANDATORY) VALUES (184, 18, 9, 'Y', 'Y');
INSERT INTO WFCONFIG.PRODUCT_DOCUMENT_CHECKLIST_MAPPING(PDCID, PRODUCT_ID, DOCUMENT_ID, SCAN_REQUIRED, MANDATORY) VALUES (185, 18, 10, 'Y', 'Y');
INSERT INTO WFCONFIG.PRODUCT_DOCUMENT_CHECKLIST_MAPPING(PDCID, PRODUCT_ID, DOCUMENT_ID, SCAN_REQUIRED, MANDATORY) VALUES (186, 18, 11, 'Y', 'Y');
INSERT INTO WFCONFIG.PRODUCT_DOCUMENT_CHECKLIST_MAPPING(PDCID, PRODUCT_ID, DOCUMENT_ID, SCAN_REQUIRED, MANDATORY) VALUES (187, 18, 24, 'N', 'Y');
INSERT INTO WFCONFIG.PRODUCT_DOCUMENT_CHECKLIST_MAPPING(PDCID, PRODUCT_ID, DOCUMENT_ID, SCAN_REQUIRED, MANDATORY) VALUES (188, 19, 1, 'Y', 'Y');
INSERT INTO WFCONFIG.PRODUCT_DOCUMENT_CHECKLIST_MAPPING(PDCID, PRODUCT_ID, DOCUMENT_ID, SCAN_REQUIRED, MANDATORY) VALUES (189, 19, 2, 'Y', 'Y');
INSERT INTO WFCONFIG.PRODUCT_DOCUMENT_CHECKLIST_MAPPING(PDCID, PRODUCT_ID, DOCUMENT_ID, SCAN_REQUIRED, MANDATORY) VALUES (190, 19, 3, 'Y', 'Y');
INSERT INTO WFCONFIG.PRODUCT_DOCUMENT_CHECKLIST_MAPPING(PDCID, PRODUCT_ID, DOCUMENT_ID, SCAN_REQUIRED, MANDATORY) VALUES (191, 19, 4, 'Y', 'Y');
INSERT INTO WFCONFIG.PRODUCT_DOCUMENT_CHECKLIST_MAPPING(PDCID, PRODUCT_ID, DOCUMENT_ID, SCAN_REQUIRED, MANDATORY) VALUES (192, 19, 5, 'Y', 'Y');
INSERT INTO WFCONFIG.PRODUCT_DOCUMENT_CHECKLIST_MAPPING(PDCID, PRODUCT_ID, DOCUMENT_ID, SCAN_REQUIRED, MANDATORY) VALUES (193, 19, 6, 'Y', 'Y');
INSERT INTO WFCONFIG.PRODUCT_DOCUMENT_CHECKLIST_MAPPING(PDCID, PRODUCT_ID, DOCUMENT_ID, SCAN_REQUIRED, MANDATORY) VALUES (194, 19, 10, 'Y', 'Y');
INSERT INTO WFCONFIG.PRODUCT_DOCUMENT_CHECKLIST_MAPPING(PDCID, PRODUCT_ID, DOCUMENT_ID, SCAN_REQUIRED, MANDATORY) VALUES (195, 19, 11, 'Y', 'Y');
INSERT INTO WFCONFIG.PRODUCT_DOCUMENT_CHECKLIST_MAPPING(PDCID, PRODUCT_ID, DOCUMENT_ID, SCAN_REQUIRED, MANDATORY) VALUES (196, 19, 24, 'N', 'Y');
INSERT INTO WFCONFIG.PRODUCT_DOCUMENT_CHECKLIST_MAPPING(PDCID, PRODUCT_ID, DOCUMENT_ID, SCAN_REQUIRED, MANDATORY) VALUES (197, 20, 1, 'Y', 'Y');
INSERT INTO WFCONFIG.PRODUCT_DOCUMENT_CHECKLIST_MAPPING(PDCID, PRODUCT_ID, DOCUMENT_ID, SCAN_REQUIRED, MANDATORY) VALUES (198, 20, 2, 'Y', 'Y');
INSERT INTO WFCONFIG.PRODUCT_DOCUMENT_CHECKLIST_MAPPING(PDCID, PRODUCT_ID, DOCUMENT_ID, SCAN_REQUIRED, MANDATORY) VALUES (199, 20, 3, 'Y', 'Y');
INSERT INTO WFCONFIG.PRODUCT_DOCUMENT_CHECKLIST_MAPPING(PDCID, PRODUCT_ID, DOCUMENT_ID, SCAN_REQUIRED, MANDATORY) VALUES (200, 20, 4, 'Y', 'Y');
INSERT INTO WFCONFIG.PRODUCT_DOCUMENT_CHECKLIST_MAPPING(PDCID, PRODUCT_ID, DOCUMENT_ID, SCAN_REQUIRED, MANDATORY) VALUES (201, 20, 5, 'Y', 'Y');
INSERT INTO WFCONFIG.PRODUCT_DOCUMENT_CHECKLIST_MAPPING(PDCID, PRODUCT_ID, DOCUMENT_ID, SCAN_REQUIRED, MANDATORY) VALUES (202, 20, 6, 'Y', 'Y');
INSERT INTO WFCONFIG.PRODUCT_DOCUMENT_CHECKLIST_MAPPING(PDCID, PRODUCT_ID, DOCUMENT_ID, SCAN_REQUIRED, MANDATORY) VALUES (203, 20, 9, 'Y', 'Y');
INSERT INTO WFCONFIG.PRODUCT_DOCUMENT_CHECKLIST_MAPPING(PDCID, PRODUCT_ID, DOCUMENT_ID, SCAN_REQUIRED, MANDATORY) VALUES (204, 20, 10, 'Y', 'Y');
INSERT INTO WFCONFIG.PRODUCT_DOCUMENT_CHECKLIST_MAPPING(PDCID, PRODUCT_ID, DOCUMENT_ID, SCAN_REQUIRED, MANDATORY) VALUES (205, 20, 11, 'Y', 'Y');
INSERT INTO WFCONFIG.PRODUCT_DOCUMENT_CHECKLIST_MAPPING(PDCID, PRODUCT_ID, DOCUMENT_ID, SCAN_REQUIRED, MANDATORY) VALUES (206, 20, 24, 'N', 'Y');
INSERT INTO WFCONFIG.PRODUCT_DOCUMENT_CHECKLIST_MAPPING(PDCID, PRODUCT_ID, DOCUMENT_ID, SCAN_REQUIRED, MANDATORY) VALUES (207, 21, 1, 'Y', 'Y');
INSERT INTO WFCONFIG.PRODUCT_DOCUMENT_CHECKLIST_MAPPING(PDCID, PRODUCT_ID, DOCUMENT_ID, SCAN_REQUIRED, MANDATORY) VALUES (208, 21, 2, 'Y', 'Y');
INSERT INTO WFCONFIG.PRODUCT_DOCUMENT_CHECKLIST_MAPPING(PDCID, PRODUCT_ID, DOCUMENT_ID, SCAN_REQUIRED, MANDATORY) VALUES (209, 21, 3, 'Y', 'Y');
INSERT INTO WFCONFIG.PRODUCT_DOCUMENT_CHECKLIST_MAPPING(PDCID, PRODUCT_ID, DOCUMENT_ID, SCAN_REQUIRED, MANDATORY) VALUES (210, 21, 4, 'Y', 'Y');
INSERT INTO WFCONFIG.PRODUCT_DOCUMENT_CHECKLIST_MAPPING(PDCID, PRODUCT_ID, DOCUMENT_ID, SCAN_REQUIRED, MANDATORY) VALUES (211, 21, 5, 'Y', 'Y');
INSERT INTO WFCONFIG.PRODUCT_DOCUMENT_CHECKLIST_MAPPING(PDCID, PRODUCT_ID, DOCUMENT_ID, SCAN_REQUIRED, MANDATORY) VALUES (212, 21, 6, 'Y', 'Y');
INSERT INTO WFCONFIG.PRODUCT_DOCUMENT_CHECKLIST_MAPPING(PDCID, PRODUCT_ID, DOCUMENT_ID, SCAN_REQUIRED, MANDATORY) VALUES (213, 21, 9, 'Y', 'Y');
INSERT INTO WFCONFIG.PRODUCT_DOCUMENT_CHECKLIST_MAPPING(PDCID, PRODUCT_ID, DOCUMENT_ID, SCAN_REQUIRED, MANDATORY) VALUES (214, 21, 10, 'Y', 'Y');
INSERT INTO WFCONFIG.PRODUCT_DOCUMENT_CHECKLIST_MAPPING(PDCID, PRODUCT_ID, DOCUMENT_ID, SCAN_REQUIRED, MANDATORY) VALUES (215, 21, 11, 'Y', 'Y');
INSERT INTO WFCONFIG.PRODUCT_DOCUMENT_CHECKLIST_MAPPING(PDCID, PRODUCT_ID, DOCUMENT_ID, SCAN_REQUIRED, MANDATORY) VALUES (216, 21, 19, 'Y', 'Y');
INSERT INTO WFCONFIG.PRODUCT_DOCUMENT_CHECKLIST_MAPPING(PDCID, PRODUCT_ID, DOCUMENT_ID, SCAN_REQUIRED, MANDATORY) VALUES (217, 21, 21, 'Y', 'Y');
INSERT INTO WFCONFIG.PRODUCT_DOCUMENT_CHECKLIST_MAPPING(PDCID, PRODUCT_ID, DOCUMENT_ID, SCAN_REQUIRED, MANDATORY) VALUES (218, 21, 24, 'N', 'Y');
INSERT INTO WFCONFIG.PRODUCT_DOCUMENT_CHECKLIST_MAPPING(PDCID, PRODUCT_ID, DOCUMENT_ID, SCAN_REQUIRED, MANDATORY) VALUES (219, 22, 1, 'Y', 'Y');
INSERT INTO WFCONFIG.PRODUCT_DOCUMENT_CHECKLIST_MAPPING(PDCID, PRODUCT_ID, DOCUMENT_ID, SCAN_REQUIRED, MANDATORY) VALUES (220, 22, 2, 'Y', 'Y');
INSERT INTO WFCONFIG.PRODUCT_DOCUMENT_CHECKLIST_MAPPING(PDCID, PRODUCT_ID, DOCUMENT_ID, SCAN_REQUIRED, MANDATORY) VALUES (221, 22, 3, 'Y', 'Y');
INSERT INTO WFCONFIG.PRODUCT_DOCUMENT_CHECKLIST_MAPPING(PDCID, PRODUCT_ID, DOCUMENT_ID, SCAN_REQUIRED, MANDATORY) VALUES (222, 22, 4, 'Y', 'Y');
INSERT INTO WFCONFIG.PRODUCT_DOCUMENT_CHECKLIST_MAPPING(PDCID, PRODUCT_ID, DOCUMENT_ID, SCAN_REQUIRED, MANDATORY) VALUES (223, 22, 5, 'Y', 'Y');
INSERT INTO WFCONFIG.PRODUCT_DOCUMENT_CHECKLIST_MAPPING(PDCID, PRODUCT_ID, DOCUMENT_ID, SCAN_REQUIRED, MANDATORY) VALUES (224, 22, 6, 'Y', 'Y');
INSERT INTO WFCONFIG.PRODUCT_DOCUMENT_CHECKLIST_MAPPING(PDCID, PRODUCT_ID, DOCUMENT_ID, SCAN_REQUIRED, MANDATORY) VALUES (225, 22, 9, 'Y', 'Y');
INSERT INTO WFCONFIG.PRODUCT_DOCUMENT_CHECKLIST_MAPPING(PDCID, PRODUCT_ID, DOCUMENT_ID, SCAN_REQUIRED, MANDATORY) VALUES (226, 22, 10, 'Y', 'Y');
INSERT INTO WFCONFIG.PRODUCT_DOCUMENT_CHECKLIST_MAPPING(PDCID, PRODUCT_ID, DOCUMENT_ID, SCAN_REQUIRED, MANDATORY) VALUES (227, 22, 11, 'Y', 'Y');
INSERT INTO WFCONFIG.PRODUCT_DOCUMENT_CHECKLIST_MAPPING(PDCID, PRODUCT_ID, DOCUMENT_ID, SCAN_REQUIRED, MANDATORY) VALUES (228, 22, 21, 'Y', 'Y');
INSERT INTO WFCONFIG.PRODUCT_DOCUMENT_CHECKLIST_MAPPING(PDCID, PRODUCT_ID, DOCUMENT_ID, SCAN_REQUIRED, MANDATORY) VALUES (229, 22, 24, 'N', 'Y');
INSERT INTO WFCONFIG.PRODUCT_DOCUMENT_CHECKLIST_MAPPING(PDCID, PRODUCT_ID, DOCUMENT_ID, SCAN_REQUIRED, MANDATORY) VALUES (230, 23, 1, 'Y', 'Y');
INSERT INTO WFCONFIG.PRODUCT_DOCUMENT_CHECKLIST_MAPPING(PDCID, PRODUCT_ID, DOCUMENT_ID, SCAN_REQUIRED, MANDATORY) VALUES (231, 23, 2, 'Y', 'Y');
INSERT INTO WFCONFIG.PRODUCT_DOCUMENT_CHECKLIST_MAPPING(PDCID, PRODUCT_ID, DOCUMENT_ID, SCAN_REQUIRED, MANDATORY) VALUES (232, 23, 3, 'Y', 'Y');
INSERT INTO WFCONFIG.PRODUCT_DOCUMENT_CHECKLIST_MAPPING(PDCID, PRODUCT_ID, DOCUMENT_ID, SCAN_REQUIRED, MANDATORY) VALUES (233, 23, 4, 'Y', 'Y');
INSERT INTO WFCONFIG.PRODUCT_DOCUMENT_CHECKLIST_MAPPING(PDCID, PRODUCT_ID, DOCUMENT_ID, SCAN_REQUIRED, MANDATORY) VALUES (234, 23, 5, 'Y', 'Y');
INSERT INTO WFCONFIG.PRODUCT_DOCUMENT_CHECKLIST_MAPPING(PDCID, PRODUCT_ID, DOCUMENT_ID, SCAN_REQUIRED, MANDATORY) VALUES (235, 23, 6, 'Y', 'Y');
INSERT INTO WFCONFIG.PRODUCT_DOCUMENT_CHECKLIST_MAPPING(PDCID, PRODUCT_ID, DOCUMENT_ID, SCAN_REQUIRED, MANDATORY) VALUES (236, 23, 9, 'Y', 'Y');
INSERT INTO WFCONFIG.PRODUCT_DOCUMENT_CHECKLIST_MAPPING(PDCID, PRODUCT_ID, DOCUMENT_ID, SCAN_REQUIRED, MANDATORY) VALUES (237, 23, 10, 'Y', 'Y');
INSERT INTO WFCONFIG.PRODUCT_DOCUMENT_CHECKLIST_MAPPING(PDCID, PRODUCT_ID, DOCUMENT_ID, SCAN_REQUIRED, MANDATORY) VALUES (238, 23, 11, 'Y', 'Y');
INSERT INTO WFCONFIG.PRODUCT_DOCUMENT_CHECKLIST_MAPPING(PDCID, PRODUCT_ID, DOCUMENT_ID, SCAN_REQUIRED, MANDATORY) VALUES (239, 23, 21, 'Y', 'Y');
INSERT INTO WFCONFIG.PRODUCT_DOCUMENT_CHECKLIST_MAPPING(PDCID, PRODUCT_ID, DOCUMENT_ID, SCAN_REQUIRED, MANDATORY) VALUES (240, 23, 22, 'Y', 'Y');
INSERT INTO WFCONFIG.PRODUCT_DOCUMENT_CHECKLIST_MAPPING(PDCID, PRODUCT_ID, DOCUMENT_ID, SCAN_REQUIRED, MANDATORY) VALUES (241, 23, 24, 'N', 'Y');
INSERT INTO WFCONFIG.PRODUCT_DOCUMENT_CHECKLIST_MAPPING(PDCID, PRODUCT_ID, DOCUMENT_ID, SCAN_REQUIRED, MANDATORY) VALUES (242, 24, 1, 'Y', 'Y');
INSERT INTO WFCONFIG.PRODUCT_DOCUMENT_CHECKLIST_MAPPING(PDCID, PRODUCT_ID, DOCUMENT_ID, SCAN_REQUIRED, MANDATORY) VALUES (243, 24, 2, 'Y', 'Y');
INSERT INTO WFCONFIG.PRODUCT_DOCUMENT_CHECKLIST_MAPPING(PDCID, PRODUCT_ID, DOCUMENT_ID, SCAN_REQUIRED, MANDATORY) VALUES (244, 24, 3, 'Y', 'Y');
INSERT INTO WFCONFIG.PRODUCT_DOCUMENT_CHECKLIST_MAPPING(PDCID, PRODUCT_ID, DOCUMENT_ID, SCAN_REQUIRED, MANDATORY) VALUES (245, 24, 4, 'Y', 'Y');
INSERT INTO WFCONFIG.PRODUCT_DOCUMENT_CHECKLIST_MAPPING(PDCID, PRODUCT_ID, DOCUMENT_ID, SCAN_REQUIRED, MANDATORY) VALUES (246, 24, 5, 'Y', 'Y');
INSERT INTO WFCONFIG.PRODUCT_DOCUMENT_CHECKLIST_MAPPING(PDCID, PRODUCT_ID, DOCUMENT_ID, SCAN_REQUIRED, MANDATORY) VALUES (247, 24, 6, 'Y', 'Y');
INSERT INTO WFCONFIG.PRODUCT_DOCUMENT_CHECKLIST_MAPPING(PDCID, PRODUCT_ID, DOCUMENT_ID, SCAN_REQUIRED, MANDATORY) VALUES (248, 24, 9, 'Y', 'Y');
INSERT INTO WFCONFIG.PRODUCT_DOCUMENT_CHECKLIST_MAPPING(PDCID, PRODUCT_ID, DOCUMENT_ID, SCAN_REQUIRED, MANDATORY) VALUES (249, 24, 10, 'Y', 'Y');
INSERT INTO WFCONFIG.PRODUCT_DOCUMENT_CHECKLIST_MAPPING(PDCID, PRODUCT_ID, DOCUMENT_ID, SCAN_REQUIRED, MANDATORY) VALUES (250, 24, 11, 'Y', 'Y');
INSERT INTO WFCONFIG.PRODUCT_DOCUMENT_CHECKLIST_MAPPING(PDCID, PRODUCT_ID, DOCUMENT_ID, SCAN_REQUIRED, MANDATORY) VALUES (251, 24, 19, 'Y', 'Y');
INSERT INTO WFCONFIG.PRODUCT_DOCUMENT_CHECKLIST_MAPPING(PDCID, PRODUCT_ID, DOCUMENT_ID, SCAN_REQUIRED, MANDATORY) VALUES (252, 24, 24, 'N', 'Y');
INSERT INTO WFCONFIG.PRODUCT_DOCUMENT_CHECKLIST_MAPPING(PDCID, PRODUCT_ID, DOCUMENT_ID, SCAN_REQUIRED, MANDATORY) VALUES (253, 25, 1, 'Y', 'Y');
INSERT INTO WFCONFIG.PRODUCT_DOCUMENT_CHECKLIST_MAPPING(PDCID, PRODUCT_ID, DOCUMENT_ID, SCAN_REQUIRED, MANDATORY) VALUES (254, 25, 2, 'Y', 'Y');
INSERT INTO WFCONFIG.PRODUCT_DOCUMENT_CHECKLIST_MAPPING(PDCID, PRODUCT_ID, DOCUMENT_ID, SCAN_REQUIRED, MANDATORY) VALUES (255, 25, 3, 'Y', 'Y');
INSERT INTO WFCONFIG.PRODUCT_DOCUMENT_CHECKLIST_MAPPING(PDCID, PRODUCT_ID, DOCUMENT_ID, SCAN_REQUIRED, MANDATORY) VALUES (256, 25, 4, 'Y', 'Y');
INSERT INTO WFCONFIG.PRODUCT_DOCUMENT_CHECKLIST_MAPPING(PDCID, PRODUCT_ID, DOCUMENT_ID, SCAN_REQUIRED, MANDATORY) VALUES (257, 25, 5, 'Y', 'Y');
INSERT INTO WFCONFIG.PRODUCT_DOCUMENT_CHECKLIST_MAPPING(PDCID, PRODUCT_ID, DOCUMENT_ID, SCAN_REQUIRED, MANDATORY) VALUES (258, 25, 6, 'Y', 'Y');
INSERT INTO WFCONFIG.PRODUCT_DOCUMENT_CHECKLIST_MAPPING(PDCID, PRODUCT_ID, DOCUMENT_ID, SCAN_REQUIRED, MANDATORY) VALUES (259, 25, 9, 'Y', 'Y');
INSERT INTO WFCONFIG.PRODUCT_DOCUMENT_CHECKLIST_MAPPING(PDCID, PRODUCT_ID, DOCUMENT_ID, SCAN_REQUIRED, MANDATORY) VALUES (260, 25, 10, 'Y', 'Y');
INSERT INTO WFCONFIG.PRODUCT_DOCUMENT_CHECKLIST_MAPPING(PDCID, PRODUCT_ID, DOCUMENT_ID, SCAN_REQUIRED, MANDATORY) VALUES (261, 25, 11, 'Y', 'Y');
INSERT INTO WFCONFIG.PRODUCT_DOCUMENT_CHECKLIST_MAPPING(PDCID, PRODUCT_ID, DOCUMENT_ID, SCAN_REQUIRED, MANDATORY) VALUES (262, 25, 19, 'Y', 'Y');
INSERT INTO WFCONFIG.PRODUCT_DOCUMENT_CHECKLIST_MAPPING(PDCID, PRODUCT_ID, DOCUMENT_ID, SCAN_REQUIRED, MANDATORY) VALUES (263, 25, 24, 'N', 'Y');
INSERT INTO WFCONFIG.PRODUCT_DOCUMENT_CHECKLIST_MAPPING(PDCID, PRODUCT_ID, DOCUMENT_ID, SCAN_REQUIRED, MANDATORY) VALUES (267, 26, 1, 'Y', 'Y');
INSERT INTO WFCONFIG.PRODUCT_DOCUMENT_CHECKLIST_MAPPING(PDCID, PRODUCT_ID, DOCUMENT_ID, SCAN_REQUIRED, MANDATORY) VALUES (268, 26, 2, 'Y', 'Y');
INSERT INTO WFCONFIG.PRODUCT_DOCUMENT_CHECKLIST_MAPPING(PDCID, PRODUCT_ID, DOCUMENT_ID, SCAN_REQUIRED, MANDATORY) VALUES (269, 26, 3, 'Y', 'Y');
INSERT INTO WFCONFIG.PRODUCT_DOCUMENT_CHECKLIST_MAPPING(PDCID, PRODUCT_ID, DOCUMENT_ID, SCAN_REQUIRED, MANDATORY) VALUES (270, 26, 4, 'Y', 'Y');
INSERT INTO WFCONFIG.PRODUCT_DOCUMENT_CHECKLIST_MAPPING(PDCID, PRODUCT_ID, DOCUMENT_ID, SCAN_REQUIRED, MANDATORY) VALUES (271, 26, 5, 'Y', 'Y');
INSERT INTO WFCONFIG.PRODUCT_DOCUMENT_CHECKLIST_MAPPING(PDCID, PRODUCT_ID, DOCUMENT_ID, SCAN_REQUIRED, MANDATORY) VALUES (272, 26, 6, 'Y', 'Y');
INSERT INTO WFCONFIG.PRODUCT_DOCUMENT_CHECKLIST_MAPPING(PDCID, PRODUCT_ID, DOCUMENT_ID, SCAN_REQUIRED, MANDATORY) VALUES (273, 26, 9, 'Y', 'Y');
INSERT INTO WFCONFIG.PRODUCT_DOCUMENT_CHECKLIST_MAPPING(PDCID, PRODUCT_ID, DOCUMENT_ID, SCAN_REQUIRED, MANDATORY) VALUES (274, 26, 10, 'Y', 'Y');
INSERT INTO WFCONFIG.PRODUCT_DOCUMENT_CHECKLIST_MAPPING(PDCID, PRODUCT_ID, DOCUMENT_ID, SCAN_REQUIRED, MANDATORY) VALUES (275, 26, 11, 'Y', 'Y');
INSERT INTO WFCONFIG.PRODUCT_DOCUMENT_CHECKLIST_MAPPING(PDCID, PRODUCT_ID, DOCUMENT_ID, SCAN_REQUIRED, MANDATORY) VALUES (276, 26, 24, 'N', 'Y');
INSERT INTO WFCONFIG.PRODUCT_DOCUMENT_CHECKLIST_MAPPING(PDCID, PRODUCT_ID, DOCUMENT_ID, SCAN_REQUIRED, MANDATORY) VALUES (277, 27, 1, 'Y', 'Y');
INSERT INTO WFCONFIG.PRODUCT_DOCUMENT_CHECKLIST_MAPPING(PDCID, PRODUCT_ID, DOCUMENT_ID, SCAN_REQUIRED, MANDATORY) VALUES (278, 27, 2, 'Y', 'Y');
INSERT INTO WFCONFIG.PRODUCT_DOCUMENT_CHECKLIST_MAPPING(PDCID, PRODUCT_ID, DOCUMENT_ID, SCAN_REQUIRED, MANDATORY) VALUES (279, 27, 3, 'Y', 'Y');
INSERT INTO WFCONFIG.PRODUCT_DOCUMENT_CHECKLIST_MAPPING(PDCID, PRODUCT_ID, DOCUMENT_ID, SCAN_REQUIRED, MANDATORY) VALUES (280, 27, 4, 'Y', 'Y');
INSERT INTO WFCONFIG.PRODUCT_DOCUMENT_CHECKLIST_MAPPING(PDCID, PRODUCT_ID, DOCUMENT_ID, SCAN_REQUIRED, MANDATORY) VALUES (281, 27, 5, 'Y', 'Y');
INSERT INTO WFCONFIG.PRODUCT_DOCUMENT_CHECKLIST_MAPPING(PDCID, PRODUCT_ID, DOCUMENT_ID, SCAN_REQUIRED, MANDATORY) VALUES (282, 27, 6, 'Y', 'Y');
INSERT INTO WFCONFIG.PRODUCT_DOCUMENT_CHECKLIST_MAPPING(PDCID, PRODUCT_ID, DOCUMENT_ID, SCAN_REQUIRED, MANDATORY) VALUES (283, 27, 9, 'Y', 'Y');
INSERT INTO WFCONFIG.PRODUCT_DOCUMENT_CHECKLIST_MAPPING(PDCID, PRODUCT_ID, DOCUMENT_ID, SCAN_REQUIRED, MANDATORY) VALUES (284, 27, 10, 'Y', 'Y');
INSERT INTO WFCONFIG.PRODUCT_DOCUMENT_CHECKLIST_MAPPING(PDCID, PRODUCT_ID, DOCUMENT_ID, SCAN_REQUIRED, MANDATORY) VALUES (285, 27, 11, 'Y', 'Y');
INSERT INTO WFCONFIG.PRODUCT_DOCUMENT_CHECKLIST_MAPPING(PDCID, PRODUCT_ID, DOCUMENT_ID, SCAN_REQUIRED, MANDATORY) VALUES (286, 27, 24, 'N', 'Y');
INSERT INTO WFCONFIG.PRODUCT_DOCUMENT_CHECKLIST_MAPPING(PDCID, PRODUCT_ID, DOCUMENT_ID, SCAN_REQUIRED, MANDATORY) VALUES (287, 28, 1, 'Y', 'Y');
INSERT INTO WFCONFIG.PRODUCT_DOCUMENT_CHECKLIST_MAPPING(PDCID, PRODUCT_ID, DOCUMENT_ID, SCAN_REQUIRED, MANDATORY) VALUES (288, 28, 4, 'Y', 'Y');
INSERT INTO WFCONFIG.PRODUCT_DOCUMENT_CHECKLIST_MAPPING(PDCID, PRODUCT_ID, DOCUMENT_ID, SCAN_REQUIRED, MANDATORY) VALUES (289, 28, 6, 'Y', 'Y');
INSERT INTO WFCONFIG.PRODUCT_DOCUMENT_CHECKLIST_MAPPING(PDCID, PRODUCT_ID, DOCUMENT_ID, SCAN_REQUIRED, MANDATORY) VALUES (290, 28, 13, 'Y', 'Y');
INSERT INTO WFCONFIG.PRODUCT_DOCUMENT_CHECKLIST_MAPPING(PDCID, PRODUCT_ID, DOCUMENT_ID, SCAN_REQUIRED, MANDATORY) VALUES (291, 28, 24, 'N', 'Y');
INSERT INTO WFCONFIG.PRODUCT_DOCUMENT_CHECKLIST_MAPPING(PDCID, PRODUCT_ID, DOCUMENT_ID, SCAN_REQUIRED, MANDATORY) VALUES (292, 29, 1, 'Y', 'Y');
INSERT INTO WFCONFIG.PRODUCT_DOCUMENT_CHECKLIST_MAPPING(PDCID, PRODUCT_ID, DOCUMENT_ID, SCAN_REQUIRED, MANDATORY) VALUES (293, 29, 4, 'Y', 'Y');
INSERT INTO WFCONFIG.PRODUCT_DOCUMENT_CHECKLIST_MAPPING(PDCID, PRODUCT_ID, DOCUMENT_ID, SCAN_REQUIRED, MANDATORY) VALUES (294, 29, 6, 'Y', 'Y');
INSERT INTO WFCONFIG.PRODUCT_DOCUMENT_CHECKLIST_MAPPING(PDCID, PRODUCT_ID, DOCUMENT_ID, SCAN_REQUIRED, MANDATORY) VALUES (295, 29, 13, 'Y', 'Y');
INSERT INTO WFCONFIG.PRODUCT_DOCUMENT_CHECKLIST_MAPPING(PDCID, PRODUCT_ID, DOCUMENT_ID, SCAN_REQUIRED, MANDATORY) VALUES (296, 29, 24, 'N', 'Y');
INSERT INTO WFCONFIG.PRODUCT_DOCUMENT_CHECKLIST_MAPPING(PDCID, PRODUCT_ID, DOCUMENT_ID, SCAN_REQUIRED, MANDATORY) VALUES (297, 30, 1, 'Y', 'Y');
INSERT INTO WFCONFIG.PRODUCT_DOCUMENT_CHECKLIST_MAPPING(PDCID, PRODUCT_ID, DOCUMENT_ID, SCAN_REQUIRED, MANDATORY) VALUES (298, 30, 4, 'Y', 'Y');
INSERT INTO WFCONFIG.PRODUCT_DOCUMENT_CHECKLIST_MAPPING(PDCID, PRODUCT_ID, DOCUMENT_ID, SCAN_REQUIRED, MANDATORY) VALUES (299, 30, 6, 'Y', 'Y');
INSERT INTO WFCONFIG.PRODUCT_DOCUMENT_CHECKLIST_MAPPING(PDCID, PRODUCT_ID, DOCUMENT_ID, SCAN_REQUIRED, MANDATORY) VALUES (300, 30, 9, 'Y', 'Y');
INSERT INTO WFCONFIG.PRODUCT_DOCUMENT_CHECKLIST_MAPPING(PDCID, PRODUCT_ID, DOCUMENT_ID, SCAN_REQUIRED, MANDATORY) VALUES (301, 30, 21, 'Y', 'Y');
INSERT INTO WFCONFIG.PRODUCT_DOCUMENT_CHECKLIST_MAPPING(PDCID, PRODUCT_ID, DOCUMENT_ID, SCAN_REQUIRED, MANDATORY) VALUES (302, 30, 24, 'N', 'Y');
INSERT INTO WFCONFIG.PRODUCT_DOCUMENT_CHECKLIST_MAPPING(PDCID, PRODUCT_ID, DOCUMENT_ID, SCAN_REQUIRED, MANDATORY) VALUES (303, 31, 1, 'Y', 'Y');
INSERT INTO WFCONFIG.PRODUCT_DOCUMENT_CHECKLIST_MAPPING(PDCID, PRODUCT_ID, DOCUMENT_ID, SCAN_REQUIRED, MANDATORY) VALUES (304, 31, 2, 'Y', 'Y');
INSERT INTO WFCONFIG.PRODUCT_DOCUMENT_CHECKLIST_MAPPING(PDCID, PRODUCT_ID, DOCUMENT_ID, SCAN_REQUIRED, MANDATORY) VALUES (305, 31, 4, 'Y', 'Y');
INSERT INTO WFCONFIG.PRODUCT_DOCUMENT_CHECKLIST_MAPPING(PDCID, PRODUCT_ID, DOCUMENT_ID, SCAN_REQUIRED, MANDATORY) VALUES (306, 31, 5, 'Y', 'Y');
INSERT INTO WFCONFIG.PRODUCT_DOCUMENT_CHECKLIST_MAPPING(PDCID, PRODUCT_ID, DOCUMENT_ID, SCAN_REQUIRED, MANDATORY) VALUES (307, 31, 6, 'Y', 'Y');
INSERT INTO WFCONFIG.PRODUCT_DOCUMENT_CHECKLIST_MAPPING(PDCID, PRODUCT_ID, DOCUMENT_ID, SCAN_REQUIRED, MANDATORY) VALUES (308, 31, 9, 'Y', 'Y');
INSERT INTO WFCONFIG.PRODUCT_DOCUMENT_CHECKLIST_MAPPING(PDCID, PRODUCT_ID, DOCUMENT_ID, SCAN_REQUIRED, MANDATORY) VALUES (309, 31, 10, 'Y', 'Y');
INSERT INTO WFCONFIG.PRODUCT_DOCUMENT_CHECKLIST_MAPPING(PDCID, PRODUCT_ID, DOCUMENT_ID, SCAN_REQUIRED, MANDATORY) VALUES (310, 31, 11, 'Y', 'Y');
INSERT INTO WFCONFIG.PRODUCT_DOCUMENT_CHECKLIST_MAPPING(PDCID, PRODUCT_ID, DOCUMENT_ID, SCAN_REQUIRED, MANDATORY) VALUES (311, 31, 12, 'Y', 'Y');
INSERT INTO WFCONFIG.PRODUCT_DOCUMENT_CHECKLIST_MAPPING(PDCID, PRODUCT_ID, DOCUMENT_ID, SCAN_REQUIRED, MANDATORY) VALUES (312, 31, 20, 'Y', 'Y');
INSERT INTO WFCONFIG.PRODUCT_DOCUMENT_CHECKLIST_MAPPING(PDCID, PRODUCT_ID, DOCUMENT_ID, SCAN_REQUIRED, MANDATORY) VALUES (313, 31, 21, 'Y', 'Y');
INSERT INTO WFCONFIG.PRODUCT_DOCUMENT_CHECKLIST_MAPPING(PDCID, PRODUCT_ID, DOCUMENT_ID, SCAN_REQUIRED, MANDATORY) VALUES (314, 31, 24, 'N', 'Y');
INSERT INTO WFCONFIG.PRODUCT_DOCUMENT_CHECKLIST_MAPPING(PDCID, PRODUCT_ID, DOCUMENT_ID, SCAN_REQUIRED, MANDATORY) VALUES (327, 33, 1, 'Y', 'Y');
INSERT INTO WFCONFIG.PRODUCT_DOCUMENT_CHECKLIST_MAPPING(PDCID, PRODUCT_ID, DOCUMENT_ID, SCAN_REQUIRED, MANDATORY) VALUES (328, 33, 25, 'Y', 'Y');
INSERT INTO WFCONFIG.PRODUCT_DOCUMENT_CHECKLIST_MAPPING(PDCID, PRODUCT_ID, DOCUMENT_ID, SCAN_REQUIRED, MANDATORY) VALUES (329, 33, 49, 'Y', 'Y');
INSERT INTO WFCONFIG.PRODUCT_DOCUMENT_CHECKLIST_MAPPING(PDCID, PRODUCT_ID, DOCUMENT_ID, SCAN_REQUIRED, MANDATORY) VALUES (330, 33, 3, 'Y', 'Y');
INSERT INTO WFCONFIG.PRODUCT_DOCUMENT_CHECKLIST_MAPPING(PDCID, PRODUCT_ID, DOCUMENT_ID, SCAN_REQUIRED, MANDATORY) VALUES (331, 33, 72, 'Y', 'Y');
INSERT INTO WFCONFIG.PRODUCT_DOCUMENT_CHECKLIST_MAPPING(PDCID, PRODUCT_ID, DOCUMENT_ID, SCAN_REQUIRED, MANDATORY) VALUES (332, 33, 54, 'Y', 'Y');
INSERT INTO WFCONFIG.PRODUCT_DOCUMENT_CHECKLIST_MAPPING(PDCID, PRODUCT_ID, DOCUMENT_ID, SCAN_REQUIRED, MANDATORY) VALUES (334, 33, 24, 'N', 'N');
INSERT INTO WFCONFIG.PRODUCT_DOCUMENT_CHECKLIST_MAPPING(PDCID, PRODUCT_ID, DOCUMENT_ID, SCAN_REQUIRED, MANDATORY) VALUES (335, 35, 1, 'Y', 'Y');
INSERT INTO WFCONFIG.PRODUCT_DOCUMENT_CHECKLIST_MAPPING(PDCID, PRODUCT_ID, DOCUMENT_ID, SCAN_REQUIRED, MANDATORY) VALUES (336, 35, 72, 'Y', 'Y');
INSERT INTO WFCONFIG.PRODUCT_DOCUMENT_CHECKLIST_MAPPING(PDCID, PRODUCT_ID, DOCUMENT_ID, SCAN_REQUIRED, MANDATORY) VALUES (337, 35, 61, 'Y', 'Y');
INSERT INTO WFCONFIG.PRODUCT_DOCUMENT_CHECKLIST_MAPPING(PDCID, PRODUCT_ID, DOCUMENT_ID, SCAN_REQUIRED, MANDATORY) VALUES (338, 35, 25, 'Y', 'Y');
INSERT INTO WFCONFIG.PRODUCT_DOCUMENT_CHECKLIST_MAPPING(PDCID, PRODUCT_ID, DOCUMENT_ID, SCAN_REQUIRED, MANDATORY) VALUES (339, 35, 57, 'Y', 'Y');
INSERT INTO WFCONFIG.PRODUCT_DOCUMENT_CHECKLIST_MAPPING(PDCID, PRODUCT_ID, DOCUMENT_ID, SCAN_REQUIRED, MANDATORY) VALUES (340, 35, 49, 'Y', 'Y');
INSERT INTO WFCONFIG.PRODUCT_DOCUMENT_CHECKLIST_MAPPING(PDCID, PRODUCT_ID, DOCUMENT_ID, SCAN_REQUIRED, MANDATORY) VALUES (341, 35, 3, 'Y', 'Y');
INSERT INTO WFCONFIG.PRODUCT_DOCUMENT_CHECKLIST_MAPPING(PDCID, PRODUCT_ID, DOCUMENT_ID, SCAN_REQUIRED, MANDATORY) VALUES (342, 35, 66, 'Y', 'Y');
INSERT INTO WFCONFIG.PRODUCT_DOCUMENT_CHECKLIST_MAPPING(PDCID, PRODUCT_ID, DOCUMENT_ID, SCAN_REQUIRED, MANDATORY) VALUES (343, 35, 54, 'Y', 'Y');
INSERT INTO WFCONFIG.PRODUCT_DOCUMENT_CHECKLIST_MAPPING(PDCID, PRODUCT_ID, DOCUMENT_ID, SCAN_REQUIRED, MANDATORY) VALUES (344, 35, 24, 'N', 'N');
INSERT INTO WFCONFIG.PRODUCT_DOCUMENT_CHECKLIST_MAPPING(PDCID, PRODUCT_ID, DOCUMENT_ID, SCAN_REQUIRED, MANDATORY) VALUES (345, 36, 1, 'Y', 'Y');
INSERT INTO WFCONFIG.PRODUCT_DOCUMENT_CHECKLIST_MAPPING(PDCID, PRODUCT_ID, DOCUMENT_ID, SCAN_REQUIRED, MANDATORY) VALUES (346, 36, 72, 'Y', 'Y');
INSERT INTO WFCONFIG.PRODUCT_DOCUMENT_CHECKLIST_MAPPING(PDCID, PRODUCT_ID, DOCUMENT_ID, SCAN_REQUIRED, MANDATORY) VALUES (347, 36, 61, 'Y', 'Y');
INSERT INTO WFCONFIG.PRODUCT_DOCUMENT_CHECKLIST_MAPPING(PDCID, PRODUCT_ID, DOCUMENT_ID, SCAN_REQUIRED, MANDATORY) VALUES (348, 36, 25, 'Y', 'Y');
INSERT INTO WFCONFIG.PRODUCT_DOCUMENT_CHECKLIST_MAPPING(PDCID, PRODUCT_ID, DOCUMENT_ID, SCAN_REQUIRED, MANDATORY) VALUES (349, 36, 57, 'Y', 'Y');
INSERT INTO WFCONFIG.PRODUCT_DOCUMENT_CHECKLIST_MAPPING(PDCID, PRODUCT_ID, DOCUMENT_ID, SCAN_REQUIRED, MANDATORY) VALUES (350, 36, 49, 'Y', 'Y');
INSERT INTO WFCONFIG.PRODUCT_DOCUMENT_CHECKLIST_MAPPING(PDCID, PRODUCT_ID, DOCUMENT_ID, SCAN_REQUIRED, MANDATORY) VALUES (351, 36, 3, 'Y', 'Y');
INSERT INTO WFCONFIG.PRODUCT_DOCUMENT_CHECKLIST_MAPPING(PDCID, PRODUCT_ID, DOCUMENT_ID, SCAN_REQUIRED, MANDATORY) VALUES (352, 36, 66, 'Y', 'Y');
INSERT INTO WFCONFIG.PRODUCT_DOCUMENT_CHECKLIST_MAPPING(PDCID, PRODUCT_ID, DOCUMENT_ID, SCAN_REQUIRED, MANDATORY) VALUES (353, 36, 54, 'Y', 'Y');
INSERT INTO WFCONFIG.PRODUCT_DOCUMENT_CHECKLIST_MAPPING(PDCID, PRODUCT_ID, DOCUMENT_ID, SCAN_REQUIRED, MANDATORY) VALUES (354, 36, 24, 'N', 'N');
INSERT INTO WFCONFIG.PRODUCT_DOCUMENT_CHECKLIST_MAPPING(PDCID, PRODUCT_ID, DOCUMENT_ID, SCAN_REQUIRED, MANDATORY) VALUES (355, 37, 1, 'Y', 'Y');
INSERT INTO WFCONFIG.PRODUCT_DOCUMENT_CHECKLIST_MAPPING(PDCID, PRODUCT_ID, DOCUMENT_ID, SCAN_REQUIRED, MANDATORY) VALUES (356, 37, 72, 'Y', 'Y');
INSERT INTO WFCONFIG.PRODUCT_DOCUMENT_CHECKLIST_MAPPING(PDCID, PRODUCT_ID, DOCUMENT_ID, SCAN_REQUIRED, MANDATORY) VALUES (357, 37, 61, 'Y', 'Y');
INSERT INTO WFCONFIG.PRODUCT_DOCUMENT_CHECKLIST_MAPPING(PDCID, PRODUCT_ID, DOCUMENT_ID, SCAN_REQUIRED, MANDATORY) VALUES (358, 37, 25, 'Y', 'Y');
INSERT INTO WFCONFIG.PRODUCT_DOCUMENT_CHECKLIST_MAPPING(PDCID, PRODUCT_ID, DOCUMENT_ID, SCAN_REQUIRED, MANDATORY) VALUES (359, 37, 57, 'Y', 'Y');
INSERT INTO WFCONFIG.PRODUCT_DOCUMENT_CHECKLIST_MAPPING(PDCID, PRODUCT_ID, DOCUMENT_ID, SCAN_REQUIRED, MANDATORY) VALUES (360, 37, 49, 'Y', 'Y');
INSERT INTO WFCONFIG.PRODUCT_DOCUMENT_CHECKLIST_MAPPING(PDCID, PRODUCT_ID, DOCUMENT_ID, SCAN_REQUIRED, MANDATORY) VALUES (361, 37, 3, 'Y', 'Y');
INSERT INTO WFCONFIG.PRODUCT_DOCUMENT_CHECKLIST_MAPPING(PDCID, PRODUCT_ID, DOCUMENT_ID, SCAN_REQUIRED, MANDATORY) VALUES (362, 37, 66, 'Y', 'Y');
INSERT INTO WFCONFIG.PRODUCT_DOCUMENT_CHECKLIST_MAPPING(PDCID, PRODUCT_ID, DOCUMENT_ID, SCAN_REQUIRED, MANDATORY) VALUES (363, 37, 54, 'Y', 'Y');
INSERT INTO WFCONFIG.PRODUCT_DOCUMENT_CHECKLIST_MAPPING(PDCID, PRODUCT_ID, DOCUMENT_ID, SCAN_REQUIRED, MANDATORY) VALUES (364, 37, 24, 'N', 'N');
INSERT INTO WFCONFIG.PRODUCT_DOCUMENT_CHECKLIST_MAPPING(PDCID, PRODUCT_ID, DOCUMENT_ID, SCAN_REQUIRED, MANDATORY) VALUES (365, 38, 1, 'Y', 'Y');
INSERT INTO WFCONFIG.PRODUCT_DOCUMENT_CHECKLIST_MAPPING(PDCID, PRODUCT_ID, DOCUMENT_ID, SCAN_REQUIRED, MANDATORY) VALUES (366, 38, 72, 'Y', 'Y');
INSERT INTO WFCONFIG.PRODUCT_DOCUMENT_CHECKLIST_MAPPING(PDCID, PRODUCT_ID, DOCUMENT_ID, SCAN_REQUIRED, MANDATORY) VALUES (367, 38, 61, 'Y', 'Y');
INSERT INTO WFCONFIG.PRODUCT_DOCUMENT_CHECKLIST_MAPPING(PDCID, PRODUCT_ID, DOCUMENT_ID, SCAN_REQUIRED, MANDATORY) VALUES (368, 38, 25, 'Y', 'Y');
INSERT INTO WFCONFIG.PRODUCT_DOCUMENT_CHECKLIST_MAPPING(PDCID, PRODUCT_ID, DOCUMENT_ID, SCAN_REQUIRED, MANDATORY) VALUES (369, 38, 57, 'Y', 'Y');
INSERT INTO WFCONFIG.PRODUCT_DOCUMENT_CHECKLIST_MAPPING(PDCID, PRODUCT_ID, DOCUMENT_ID, SCAN_REQUIRED, MANDATORY) VALUES (370, 38, 49, 'Y', 'Y');
INSERT INTO WFCONFIG.PRODUCT_DOCUMENT_CHECKLIST_MAPPING(PDCID, PRODUCT_ID, DOCUMENT_ID, SCAN_REQUIRED, MANDATORY) VALUES (371, 38, 3, 'Y', 'Y');
INSERT INTO WFCONFIG.PRODUCT_DOCUMENT_CHECKLIST_MAPPING(PDCID, PRODUCT_ID, DOCUMENT_ID, SCAN_REQUIRED, MANDATORY) VALUES (372, 38, 66, 'Y', 'Y');
INSERT INTO WFCONFIG.PRODUCT_DOCUMENT_CHECKLIST_MAPPING(PDCID, PRODUCT_ID, DOCUMENT_ID, SCAN_REQUIRED, MANDATORY) VALUES (373, 38, 54, 'Y', 'Y');
INSERT INTO WFCONFIG.PRODUCT_DOCUMENT_CHECKLIST_MAPPING(PDCID, PRODUCT_ID, DOCUMENT_ID, SCAN_REQUIRED, MANDATORY) VALUES (374, 38, 24, 'N', 'N');
INSERT INTO WFCONFIG.PRODUCT_DOCUMENT_CHECKLIST_MAPPING(PDCID, PRODUCT_ID, DOCUMENT_ID, SCAN_REQUIRED, MANDATORY) VALUES (375, 39, 1, 'Y', 'Y');
INSERT INTO WFCONFIG.PRODUCT_DOCUMENT_CHECKLIST_MAPPING(PDCID, PRODUCT_ID, DOCUMENT_ID, SCAN_REQUIRED, MANDATORY) VALUES (376, 39, 72, 'Y', 'Y');
INSERT INTO WFCONFIG.PRODUCT_DOCUMENT_CHECKLIST_MAPPING(PDCID, PRODUCT_ID, DOCUMENT_ID, SCAN_REQUIRED, MANDATORY) VALUES (377, 39, 61, 'Y', 'Y');
INSERT INTO WFCONFIG.PRODUCT_DOCUMENT_CHECKLIST_MAPPING(PDCID, PRODUCT_ID, DOCUMENT_ID, SCAN_REQUIRED, MANDATORY) VALUES (378, 39, 25, 'Y', 'Y');
INSERT INTO WFCONFIG.PRODUCT_DOCUMENT_CHECKLIST_MAPPING(PDCID, PRODUCT_ID, DOCUMENT_ID, SCAN_REQUIRED, MANDATORY) VALUES (379, 39, 57, 'Y', 'Y');
INSERT INTO WFCONFIG.PRODUCT_DOCUMENT_CHECKLIST_MAPPING(PDCID, PRODUCT_ID, DOCUMENT_ID, SCAN_REQUIRED, MANDATORY) VALUES (380, 39, 49, 'Y', 'Y');
INSERT INTO WFCONFIG.PRODUCT_DOCUMENT_CHECKLIST_MAPPING(PDCID, PRODUCT_ID, DOCUMENT_ID, SCAN_REQUIRED, MANDATORY) VALUES (381, 39, 3, 'Y', 'Y');
INSERT INTO WFCONFIG.PRODUCT_DOCUMENT_CHECKLIST_MAPPING(PDCID, PRODUCT_ID, DOCUMENT_ID, SCAN_REQUIRED, MANDATORY) VALUES (382, 39, 66, 'Y', 'Y');
INSERT INTO WFCONFIG.PRODUCT_DOCUMENT_CHECKLIST_MAPPING(PDCID, PRODUCT_ID, DOCUMENT_ID, SCAN_REQUIRED, MANDATORY) VALUES (383, 39, 54, 'Y', 'Y');
INSERT INTO WFCONFIG.PRODUCT_DOCUMENT_CHECKLIST_MAPPING(PDCID, PRODUCT_ID, DOCUMENT_ID, SCAN_REQUIRED, MANDATORY) VALUES (384, 39, 24, 'N', 'N');
INSERT INTO WFCONFIG.PRODUCT_DOCUMENT_CHECKLIST_MAPPING(PDCID, PRODUCT_ID, DOCUMENT_ID, SCAN_REQUIRED, MANDATORY) VALUES (385, 40, 1, 'Y', 'Y');
INSERT INTO WFCONFIG.PRODUCT_DOCUMENT_CHECKLIST_MAPPING(PDCID, PRODUCT_ID, DOCUMENT_ID, SCAN_REQUIRED, MANDATORY) VALUES (386, 40, 72, 'Y', 'Y');
INSERT INTO WFCONFIG.PRODUCT_DOCUMENT_CHECKLIST_MAPPING(PDCID, PRODUCT_ID, DOCUMENT_ID, SCAN_REQUIRED, MANDATORY) VALUES (387, 40, 61, 'Y', 'Y');
INSERT INTO WFCONFIG.PRODUCT_DOCUMENT_CHECKLIST_MAPPING(PDCID, PRODUCT_ID, DOCUMENT_ID, SCAN_REQUIRED, MANDATORY) VALUES (388, 40, 25, 'Y', 'Y');
INSERT INTO WFCONFIG.PRODUCT_DOCUMENT_CHECKLIST_MAPPING(PDCID, PRODUCT_ID, DOCUMENT_ID, SCAN_REQUIRED, MANDATORY) VALUES (389, 40, 57, 'Y', 'Y');
INSERT INTO WFCONFIG.PRODUCT_DOCUMENT_CHECKLIST_MAPPING(PDCID, PRODUCT_ID, DOCUMENT_ID, SCAN_REQUIRED, MANDATORY) VALUES (390, 40, 49, 'Y', 'Y');
INSERT INTO WFCONFIG.PRODUCT_DOCUMENT_CHECKLIST_MAPPING(PDCID, PRODUCT_ID, DOCUMENT_ID, SCAN_REQUIRED, MANDATORY) VALUES (391, 40, 3, 'Y', 'Y');
INSERT INTO WFCONFIG.PRODUCT_DOCUMENT_CHECKLIST_MAPPING(PDCID, PRODUCT_ID, DOCUMENT_ID, SCAN_REQUIRED, MANDATORY) VALUES (392, 40, 66, 'Y', 'Y');
INSERT INTO WFCONFIG.PRODUCT_DOCUMENT_CHECKLIST_MAPPING(PDCID, PRODUCT_ID, DOCUMENT_ID, SCAN_REQUIRED, MANDATORY) VALUES (393, 40, 54, 'Y', 'Y');
INSERT INTO WFCONFIG.PRODUCT_DOCUMENT_CHECKLIST_MAPPING(PDCID, PRODUCT_ID, DOCUMENT_ID, SCAN_REQUIRED, MANDATORY) VALUES (394, 40, 24, 'N', 'N');
INSERT INTO WFCONFIG.PRODUCT_DOCUMENT_CHECKLIST_MAPPING(PDCID, PRODUCT_ID, DOCUMENT_ID, SCAN_REQUIRED, MANDATORY) VALUES (395, 41, 1, 'Y', 'Y');
INSERT INTO WFCONFIG.PRODUCT_DOCUMENT_CHECKLIST_MAPPING(PDCID, PRODUCT_ID, DOCUMENT_ID, SCAN_REQUIRED, MANDATORY) VALUES (396, 41, 72, 'Y', 'Y');
INSERT INTO WFCONFIG.PRODUCT_DOCUMENT_CHECKLIST_MAPPING(PDCID, PRODUCT_ID, DOCUMENT_ID, SCAN_REQUIRED, MANDATORY) VALUES (397, 41, 61, 'Y', 'Y');
INSERT INTO WFCONFIG.PRODUCT_DOCUMENT_CHECKLIST_MAPPING(PDCID, PRODUCT_ID, DOCUMENT_ID, SCAN_REQUIRED, MANDATORY) VALUES (398, 41, 25, 'Y', 'Y');
INSERT INTO WFCONFIG.PRODUCT_DOCUMENT_CHECKLIST_MAPPING(PDCID, PRODUCT_ID, DOCUMENT_ID, SCAN_REQUIRED, MANDATORY) VALUES (399, 41, 57, 'Y', 'Y');
INSERT INTO WFCONFIG.PRODUCT_DOCUMENT_CHECKLIST_MAPPING(PDCID, PRODUCT_ID, DOCUMENT_ID, SCAN_REQUIRED, MANDATORY) VALUES (400, 41, 49, 'Y', 'Y');
INSERT INTO WFCONFIG.PRODUCT_DOCUMENT_CHECKLIST_MAPPING(PDCID, PRODUCT_ID, DOCUMENT_ID, SCAN_REQUIRED, MANDATORY) VALUES (401, 41, 3, 'Y', 'Y');
INSERT INTO WFCONFIG.PRODUCT_DOCUMENT_CHECKLIST_MAPPING(PDCID, PRODUCT_ID, DOCUMENT_ID, SCAN_REQUIRED, MANDATORY) VALUES (402, 41, 66, 'Y', 'Y');
INSERT INTO WFCONFIG.PRODUCT_DOCUMENT_CHECKLIST_MAPPING(PDCID, PRODUCT_ID, DOCUMENT_ID, SCAN_REQUIRED, MANDATORY) VALUES (403, 41, 54, 'Y', 'Y');
INSERT INTO WFCONFIG.PRODUCT_DOCUMENT_CHECKLIST_MAPPING(PDCID, PRODUCT_ID, DOCUMENT_ID, SCAN_REQUIRED, MANDATORY) VALUES (404, 41, 24, 'N', 'N');
INSERT INTO WFCONFIG.PRODUCT_DOCUMENT_CHECKLIST_MAPPING(PDCID, PRODUCT_ID, DOCUMENT_ID, SCAN_REQUIRED, MANDATORY) VALUES (405, 42, 1, 'Y', 'Y');
INSERT INTO WFCONFIG.PRODUCT_DOCUMENT_CHECKLIST_MAPPING(PDCID, PRODUCT_ID, DOCUMENT_ID, SCAN_REQUIRED, MANDATORY) VALUES (406, 42, 67, 'Y', 'Y');
INSERT INTO WFCONFIG.PRODUCT_DOCUMENT_CHECKLIST_MAPPING(PDCID, PRODUCT_ID, DOCUMENT_ID, SCAN_REQUIRED, MANDATORY) VALUES (407, 42, 68, 'Y', 'Y');
INSERT INTO WFCONFIG.PRODUCT_DOCUMENT_CHECKLIST_MAPPING(PDCID, PRODUCT_ID, DOCUMENT_ID, SCAN_REQUIRED, MANDATORY) VALUES (408, 42, 69, 'Y', 'Y');
INSERT INTO WFCONFIG.PRODUCT_DOCUMENT_CHECKLIST_MAPPING(PDCID, PRODUCT_ID, DOCUMENT_ID, SCAN_REQUIRED, MANDATORY) VALUES (409, 42, 70, 'Y', 'Y');
INSERT INTO WFCONFIG.PRODUCT_DOCUMENT_CHECKLIST_MAPPING(PDCID, PRODUCT_ID, DOCUMENT_ID, SCAN_REQUIRED, MANDATORY) VALUES (410, 42, 71, 'Y', 'Y');
INSERT INTO WFCONFIG.PRODUCT_DOCUMENT_CHECKLIST_MAPPING(PDCID, PRODUCT_ID, DOCUMENT_ID, SCAN_REQUIRED, MANDATORY) VALUES (411, 42, 72, 'Y', 'Y');
INSERT INTO WFCONFIG.PRODUCT_DOCUMENT_CHECKLIST_MAPPING(PDCID, PRODUCT_ID, DOCUMENT_ID, SCAN_REQUIRED, MANDATORY) VALUES (412, 42, 54, 'Y', 'Y');
INSERT INTO WFCONFIG.PRODUCT_DOCUMENT_CHECKLIST_MAPPING(PDCID, PRODUCT_ID, DOCUMENT_ID, SCAN_REQUIRED, MANDATORY) VALUES (413, 42, 24, 'N', 'N');
INSERT INTO WFCONFIG.PRODUCT_DOCUMENT_CHECKLIST_MAPPING(PDCID, PRODUCT_ID, DOCUMENT_ID, SCAN_REQUIRED, MANDATORY) VALUES (414, 43, 1, 'Y', 'Y');
INSERT INTO WFCONFIG.PRODUCT_DOCUMENT_CHECKLIST_MAPPING(PDCID, PRODUCT_ID, DOCUMENT_ID, SCAN_REQUIRED, MANDATORY) VALUES (415, 43, 25, 'Y', 'Y');
INSERT INTO WFCONFIG.PRODUCT_DOCUMENT_CHECKLIST_MAPPING(PDCID, PRODUCT_ID, DOCUMENT_ID, SCAN_REQUIRED, MANDATORY) VALUES (416, 43, 49, 'Y', 'Y');
INSERT INTO WFCONFIG.PRODUCT_DOCUMENT_CHECKLIST_MAPPING(PDCID, PRODUCT_ID, DOCUMENT_ID, SCAN_REQUIRED, MANDATORY) VALUES (417, 43, 3, 'Y', 'Y');
INSERT INTO WFCONFIG.PRODUCT_DOCUMENT_CHECKLIST_MAPPING(PDCID, PRODUCT_ID, DOCUMENT_ID, SCAN_REQUIRED, MANDATORY) VALUES (418, 43, 72, 'Y', 'Y');
INSERT INTO WFCONFIG.PRODUCT_DOCUMENT_CHECKLIST_MAPPING(PDCID, PRODUCT_ID, DOCUMENT_ID, SCAN_REQUIRED, MANDATORY) VALUES (419, 43, 54, 'Y', 'Y');
INSERT INTO WFCONFIG.PRODUCT_DOCUMENT_CHECKLIST_MAPPING(PDCID, PRODUCT_ID, DOCUMENT_ID, SCAN_REQUIRED, MANDATORY) VALUES (420, 43, 24, 'N', 'N');
INSERT INTO WFCONFIG.PRODUCT_DOCUMENT_CHECKLIST_MAPPING(PDCID, PRODUCT_ID, DOCUMENT_ID, SCAN_REQUIRED, MANDATORY) VALUES (421, 44, 1, 'Y', 'Y');
INSERT INTO WFCONFIG.PRODUCT_DOCUMENT_CHECKLIST_MAPPING(PDCID, PRODUCT_ID, DOCUMENT_ID, SCAN_REQUIRED, MANDATORY) VALUES (422, 44, 25, 'Y', 'Y');
INSERT INTO WFCONFIG.PRODUCT_DOCUMENT_CHECKLIST_MAPPING(PDCID, PRODUCT_ID, DOCUMENT_ID, SCAN_REQUIRED, MANDATORY) VALUES (423, 44, 49, 'Y', 'Y');
INSERT INTO WFCONFIG.PRODUCT_DOCUMENT_CHECKLIST_MAPPING(PDCID, PRODUCT_ID, DOCUMENT_ID, SCAN_REQUIRED, MANDATORY) VALUES (424, 44, 3, 'Y', 'Y');
INSERT INTO WFCONFIG.PRODUCT_DOCUMENT_CHECKLIST_MAPPING(PDCID, PRODUCT_ID, DOCUMENT_ID, SCAN_REQUIRED, MANDATORY) VALUES (425, 44, 72, 'Y', 'Y');
INSERT INTO WFCONFIG.PRODUCT_DOCUMENT_CHECKLIST_MAPPING(PDCID, PRODUCT_ID, DOCUMENT_ID, SCAN_REQUIRED, MANDATORY) VALUES (426, 44, 54, 'Y', 'Y');
INSERT INTO WFCONFIG.PRODUCT_DOCUMENT_CHECKLIST_MAPPING(PDCID, PRODUCT_ID, DOCUMENT_ID, SCAN_REQUIRED, MANDATORY) VALUES (427, 44, 24, 'N', 'N');
INSERT INTO WFCONFIG.PRODUCT_DOCUMENT_CHECKLIST_MAPPING(PDCID, PRODUCT_ID, DOCUMENT_ID, SCAN_REQUIRED, MANDATORY) VALUES (428, 45, 1, 'Y', 'Y');
INSERT INTO WFCONFIG.PRODUCT_DOCUMENT_CHECKLIST_MAPPING(PDCID, PRODUCT_ID, DOCUMENT_ID, SCAN_REQUIRED, MANDATORY) VALUES (429, 45, 25, 'Y', 'Y');
INSERT INTO WFCONFIG.PRODUCT_DOCUMENT_CHECKLIST_MAPPING(PDCID, PRODUCT_ID, DOCUMENT_ID, SCAN_REQUIRED, MANDATORY) VALUES (430, 45, 49, 'Y', 'Y');
INSERT INTO WFCONFIG.PRODUCT_DOCUMENT_CHECKLIST_MAPPING(PDCID, PRODUCT_ID, DOCUMENT_ID, SCAN_REQUIRED, MANDATORY) VALUES (431, 45, 3, 'Y', 'Y');
INSERT INTO WFCONFIG.PRODUCT_DOCUMENT_CHECKLIST_MAPPING(PDCID, PRODUCT_ID, DOCUMENT_ID, SCAN_REQUIRED, MANDATORY) VALUES (432, 45, 72, 'Y', 'Y');
INSERT INTO WFCONFIG.PRODUCT_DOCUMENT_CHECKLIST_MAPPING(PDCID, PRODUCT_ID, DOCUMENT_ID, SCAN_REQUIRED, MANDATORY) VALUES (433, 45, 54, 'Y', 'Y');
INSERT INTO WFCONFIG.PRODUCT_DOCUMENT_CHECKLIST_MAPPING(PDCID, PRODUCT_ID, DOCUMENT_ID, SCAN_REQUIRED, MANDATORY) VALUES (434, 45, 64, 'Y', 'Y');
INSERT INTO WFCONFIG.PRODUCT_DOCUMENT_CHECKLIST_MAPPING(PDCID, PRODUCT_ID, DOCUMENT_ID, SCAN_REQUIRED, MANDATORY) VALUES (435, 45, 24, 'N', 'N');
INSERT INTO WFCONFIG.PRODUCT_DOCUMENT_CHECKLIST_MAPPING(PDCID, PRODUCT_ID, DOCUMENT_ID, SCAN_REQUIRED, MANDATORY) VALUES (436, 46, 1, 'Y', 'Y');
INSERT INTO WFCONFIG.PRODUCT_DOCUMENT_CHECKLIST_MAPPING(PDCID, PRODUCT_ID, DOCUMENT_ID, SCAN_REQUIRED, MANDATORY) VALUES (437, 46, 25, 'Y', 'Y');
INSERT INTO WFCONFIG.PRODUCT_DOCUMENT_CHECKLIST_MAPPING(PDCID, PRODUCT_ID, DOCUMENT_ID, SCAN_REQUIRED, MANDATORY) VALUES (438, 46, 49, 'Y', 'Y');
INSERT INTO WFCONFIG.PRODUCT_DOCUMENT_CHECKLIST_MAPPING(PDCID, PRODUCT_ID, DOCUMENT_ID, SCAN_REQUIRED, MANDATORY) VALUES (439, 46, 3, 'Y', 'Y');
INSERT INTO WFCONFIG.PRODUCT_DOCUMENT_CHECKLIST_MAPPING(PDCID, PRODUCT_ID, DOCUMENT_ID, SCAN_REQUIRED, MANDATORY) VALUES (440, 46, 72, 'Y', 'Y');
INSERT INTO WFCONFIG.PRODUCT_DOCUMENT_CHECKLIST_MAPPING(PDCID, PRODUCT_ID, DOCUMENT_ID, SCAN_REQUIRED, MANDATORY) VALUES (441, 46, 54, 'Y', 'Y');
INSERT INTO WFCONFIG.PRODUCT_DOCUMENT_CHECKLIST_MAPPING(PDCID, PRODUCT_ID, DOCUMENT_ID, SCAN_REQUIRED, MANDATORY) VALUES (442, 46, 64, 'Y', 'Y');
INSERT INTO WFCONFIG.PRODUCT_DOCUMENT_CHECKLIST_MAPPING(PDCID, PRODUCT_ID, DOCUMENT_ID, SCAN_REQUIRED, MANDATORY) VALUES (443, 46, 24, 'N', 'N');
ALTER TABLE WFCONFIG.PRODUCT_BASE
	ADD FOREIGN KEY (PRODUCT_CATEGORY_ID) 
	REFERENCES PRODUCT_CATEGORY_BASE (PRODUCT_CATEGORY_ID);


ALTER TABLE WFCONFIG.PRODUCT_DOCUMENT_CHECKLIST_MAPPING
	ADD FOREIGN KEY (PRODUCT_ID) 
	REFERENCES PRODUCT_BASE (PID);

ALTER TABLE WFCONFIG.PRODUCT_DOCUMENT_CHECKLIST_MAPPING
	ADD FOREIGN KEY (DOCUMENT_ID) 
	REFERENCES DOCUMENT_TYPE_BASE (DID);


